domain,association,division,conference,sports,athleticUrl
acu.edu,NCAA,D1,United Athletic Conference,,www.acusports.com
uakron.edu,NCAA,D1,Mid-American Conference,,gozips.com
ua.edu,NCAA,D1,Southeastern Conference,,www.rolltide.com
aamu.edu,NCAA,D1,Southwestern Athletic Conf.,,www.aamusports.com
alasu.edu,NCAA,D1,Southwestern Athletic Conf.,,www.bamastatesports.com
uab.edu,NCAA,D1,American Conference,,www.uabsports.com
albany.edu,NCAA,D1,America East Conference,,www.ualbanysports.com
alcorn.edu,NCAA,D1,Southwestern Athletic Conf.,,www.alcornsports.com
american.edu,NCAA,D1,Patriot League,,www.aueagles.com
appstate.edu,NCAA,D1,Sun Belt Conference,,appstatesports.com
arizona.edu,NCAA,D1,Big 12 Conference,,www.arizonawildcats.com
asu.edu,NCAA,D1,Big 12 Conference,,sundevils.com
astate.edu,NCAA,D1,Sun Belt Conference,,www.astateredwolves.com
uark.edu,NCAA,D1,Southeastern Conference,,arkansasrazorbacks.com/
ualr.edu,NCAA,D1,United Athletic Conference,,//lrtrojans.com
uapb.edu,NCAA,D1,Southwestern Athletic Conf.,,uapblionsroar.com/
auburn.edu,NCAA,D1,Southeastern Conference,,www.auburntigers.com
apsu.edu,NCAA,D1,United Athletic Conference,,www.letsgopeay.com
bsu.edu,NCAA,D1,Mid-American Conference,,www.ballstatesports.com
baylor.edu,NCAA,D1,Big 12 Conference,,www.baylorbears.com
bellarmine.edu,NCAA,D1,Atlantic Sun Conference,,athletics.bellarmine.edu
belmont.edu,NCAA,D1,Missouri Valley Conference,,www.belmontbruins.com
cookman.edu,NCAA,D1,Southwestern Athletic Conf.,,www.bcuathletics.com
binghamton.edu,NCAA,D1,America East Conference,,www.bubearcats.com
boisestate.edu,NCAA,D1,Pac-12 Conference,,www.broncosports.com
bc.edu,NCAA,D1,Atlantic Coast Conference,,www.bceagles.com
bu.edu,NCAA,D1,Patriot League,,www.goterriers.com
bgsu.edu,NCAA,D1,Mid-American Conference,,www.bgsufalcons.com
bradley.edu,NCAA,D1,Missouri Valley Conference,,www.bradleybraves.com
byu.edu,NCAA,D1,Big 12 Conference,,byucougars.com
brown.edu,NCAA,D1,The Ivy League,,www.brownbears.com
bryant.edu,NCAA,D1,America East Conference,,www.bryantbulldogs.com
bucknell.edu,NCAA,D1,Patriot League,,bucknellbison.com
buffalo.edu,NCAA,D1,Mid-American Conference,,www.ubbulls.com
butler.edu,NCAA,D1,BIG EAST Conference,,www.butlersports.com
calbaptist.edu,NCAA,D1,Big West Conference,,www.cbulancers.com
calpoly.edu,NCAA,D1,Big West Conference,,gopoly.com
csub.edu,NCAA,D1,Big West Conference,,www.gorunners.com
fresnostate.edu,NCAA,D1,Pac-12 Conference,,www.gobulldogs.com
fullerton.edu,NCAA,D1,Big West Conference,,www.fullertontitans.com
csun.edu,NCAA,D1,Big West Conference,,www.GoMatadors.com
csus.edu,NCAA,D1,Big West Conference,,www.hornetsports.com
berkeley.edu,NCAA,D1,Atlantic Coast Conference,,www.calbears.com
ucdavis.edu,NCAA,D1,Mountain West Conference,,www.ucdavisaggies.com
uci.edu,NCAA,D1,Big West Conference,,https://ucirvinesports.com/
ucla.edu,NCAA,D1,Big Ten Conference,,www.uclabruins.com
ucr.edu,NCAA,D1,Big West Conference,,www.gohighlanders.com/
ucsd.edu,NCAA,D1,Big West Conference,,www.ucsdtritons.com
ucsb.edu,NCAA,D1,Big West Conference,,ucsbgauchos.com
campbell.edu,NCAA,D1,Coastal Athletic Association,,www.gocamels.com
canisius.edu,NCAA,D1,Metro Conference,,www.gogriffs.com
uca.edu,NCAA,D1,United Athletic Conference,,www.ucasports.com
ccsu.edu,NCAA,D1,Northeast Conference,,www.ccsubluedevils.com
ucf.edu,NCAA,D1,Big 12 Conference,,www.ucfknights.com/
cmich.edu,NCAA,D1,Mid-American Conference,,www.cmuchippewas.com
cofc.edu,NCAA,D1,Coastal Athletic Association,,www.cofcsports.com
charlestonsouthern.edu,NCAA,D1,Big South Conference,,csusports.com/
csu.edu,NCAA,D1,Northeast Conference,,www.gocsucougars.com
uc.edu,NCAA,D1,Big 12 Conference,,gobearcats.com/
citadel.edu,NCAA,D1,Southern Conference,,www.citadelsports.com
clemson.edu,NCAA,D1,Atlantic Coast Conference,,clemsontigers.com
csuohio.edu,NCAA,D1,Horizon League,,www.csuvikings.com
coastal.edu,NCAA,D1,Sun Belt Conference,,www.goccusports.com
colgate.edu,NCAA,D1,Patriot League,,gocolgateraiders.com
colorado.edu,NCAA,D1,Big 12 Conference,,www.cubuffs.com/
colostate.edu,NCAA,D1,Pac-12 Conference,,www.csurams.com
columbia.edu,NCAA,D1,The Ivy League,,www.gocolumbialions.com/
uconn.edu,NCAA,D1,BIG EAST Conference,,www.uconnhuskies.com
coppin.edu,NCAA,D1,Mid-Eastern Athletic Conf.,,www.coppinstatesports.com
cornell.edu,NCAA,D1,The Ivy League,,www.cornellbigred.com
creighton.edu,NCAA,D1,BIG EAST Conference,,gocreighton.com/
dartmouth.edu,NCAA,D1,The Ivy League,,www.dartmouthsports.com
davidson.edu,NCAA,D1,Atlantic 10 Conference,,www.davidsonwildcats.com
udayton.edu,NCAA,D1,Atlantic 10 Conference,,www.daytonflyers.com
udel.edu,NCAA,D1,Conference USA,,www.bluehens.com
desu.edu,NCAA,D1,Mid-Eastern Athletic Conf.,,www.dsuhornets.com/
du.edu,NCAA,D1,West Coast Conference,,denverpioneers.com
depaul.edu,NCAA,D1,BIG EAST Conference,,www.depaulbluedemons.com
udmercy.edu,NCAA,D1,Horizon League,,www.detroittitans.com
drake.edu,NCAA,D1,Missouri Valley Conference,,godrakebulldogs.com/
drexel.edu,NCAA,D1,Coastal Athletic Association,,www.drexeldragons.com
duke.edu,NCAA,D1,Atlantic Coast Conference,,www.goduke.com
duq.edu,NCAA,D1,Atlantic 10 Conference,,www.GoDuquesne.com
ecu.edu,NCAA,D1,American Conference,,www.ecupirates.com
etsu.edu,NCAA,D1,Southern Conference,,www.etsubucs.com
etamu.edu,NCAA,D1,Southland Conference,,www.lionathletics.com
eiu.edu,NCAA,D1,Ohio Valley Conference,,www.eiupanthers.com
eku.edu,NCAA,D1,United Athletic Conference,,www.ekusports.com
emich.edu,NCAA,D1,Mid-American Conference,,www.emueagles.com
ewu.edu,NCAA,D1,Big Sky Conference,,goeags.com
elon.edu,NCAA,D1,Coastal Athletic Association,,www.elonphoenix.com
evansville.edu,NCAA,D1,Missouri Valley Conference,,www.gopurpleaces.com
fairfield.edu,NCAA,D1,Metro Conference,,fairfieldstags.com
fdu.edu,NCAA,D1,Northeast Conference,,www.fduknights.com
ufl.edu,NCAA,D1,Southeastern Conference,,www.floridagators.com
famu.edu,NCAA,D1,Southwestern Athletic Conf.,,www.famuathletics.com/
fau.edu,NCAA,D1,American Conference,,www.fausports.com
fgcu.edu,NCAA,D1,Atlantic Sun Conference,,fgcuathletics.com/
fiu.edu,NCAA,D1,Conference USA,,www.fiusports.com
fsu.edu,NCAA,D1,Atlantic Coast Conference,,www.seminoles.com
fordham.edu,NCAA,D1,Atlantic 10 Conference,,www.fordhamsports.com
furman.edu,NCAA,D1,Southern Conference,,www.furmanpaladins.com
gardner-webb.edu,NCAA,D1,Big South Conference,,gwusports.com/
gmu.edu,NCAA,D1,Atlantic 10 Conference,,www.gomason.com
gwu.edu,NCAA,D1,Atlantic 10 Conference,,www.gwsports.com/index.html
georgetown.edu,NCAA,D1,BIG EAST Conference,,guhoyas.com
uga.edu,NCAA,D1,Southeastern Conference,,www.georgiadogs.com
gatech.edu,NCAA,D1,Atlantic Coast Conference,,www.ramblinwreck.com
georgiasouthern.edu,NCAA,D1,Sun Belt Conference,,gseagles.com
gsu.edu,NCAA,D1,Sun Belt Conference,,georgiastatesports.com
gonzaga.edu,NCAA,D1,Pac-12 Conference,,www.gozags.com
gram.edu,NCAA,D1,Southwestern Athletic Conf.,,www.gsutigers.com
gcu.edu,NCAA,D1,Mountain West Conference,,www.gculopes.com
hamptonu.edu,NCAA,D1,Coastal Athletic Association,,hamptonpirates.com
harvard.edu,NCAA,D1,The Ivy League,,https://gocrimson.com/
manoa.hawaii.edu,NCAA,D1,Mountain West Conference,,hawaiiathletics.com
highpoint.edu,NCAA,D1,Big South Conference,,www.highpointpanthers.com
hofstra.edu,NCAA,D1,Coastal Athletic Association,,www.gohofstra.com
holycross.edu,NCAA,D1,Patriot League,,goholycross.com/
uh.edu,NCAA,D1,Big 12 Conference,,www.uhcougars.com
hc.edu,NCAA,D1,Southland Conference,,www.hcuhuskies.com
howard.edu,NCAA,D1,Mid-Eastern Athletic Conf.,,www.hubison.com
uidaho.edu,NCAA,D1,Big Sky Conference,,www.govandals.com
isu.edu,NCAA,D1,Big Sky Conference,,www.isubengals.com
illinoisstate.edu,NCAA,D1,Missouri Valley Conference,,GoRedbirds.com
uic.edu,NCAA,D1,Missouri Valley Conference,,www.uicflames.com
illinois.edu,NCAA,D1,Big Ten Conference,,www.fightingillini.com
uiw.edu,NCAA,D1,Southland Conference,,uiwcardinals.com
indianapolis.iu.edu,NCAA,D1,Horizon League,,iuindyjags.com/
indstate.edu,NCAA,D1,Missouri Valley Conference,,www.gosycamores.com
iub.edu,NCAA,D1,Big Ten Conference,,www.iuhoosiers.com
iona.edu,NCAA,D1,Metro Conference,,www.ionagaels.com
uiowa.edu,NCAA,D1,Big Ten Conference,,www.hawkeyesports.com
iastate.edu,NCAA,D1,Big 12 Conference,,www.cyclones.com
jsums.edu,NCAA,D1,Southwestern Athletic Conf.,,www.gojsutigers.com
jsu.edu,NCAA,D1,Conference USA,,www.jaxstatesports.com
ju.edu,NCAA,D1,Atlantic Sun Conference,,www.judolphins.com
jmu.edu,NCAA,D1,Sun Belt Conference,,www.jmusports.com
ku.edu,NCAA,D1,Big 12 Conference,,kuathletics.com
k-state.edu,NCAA,D1,Big 12 Conference,,www.kstatesports.com
kennesaw.edu,NCAA,D1,Conference USA,,www.ksuowls.com
kent.edu,NCAA,D1,Mid-American Conference,,www.kentstatesports.com
uky.edu,NCAA,D1,Southeastern Conference,,www.ukathletics.com
lasalle.edu,NCAA,D1,Atlantic 10 Conference,,www.goexplorers.com/
lafayette.edu,NCAA,D1,Patriot League,,www.goleopards.com
lamar.edu,NCAA,D1,Southland Conference,,www.lamarcardinals.com
lemoyne.edu,NCAA,D1,Northeast Conference,,www.lemoynedolphins.com
lehigh.edu,NCAA,D1,Patriot League,,www.lehighsports.com
liberty.edu,NCAA,D1,Conference USA,,www.LibertyFlames.com
lindenwood.edu,NCAA,D1,Ohio Valley Conference,,lindenwoodlions.com
lipscomb.edu,NCAA,D1,Atlantic Sun Conference,,www.lipscombsports.com
csulb.edu,NCAA,D1,Big West Conference,,longbeachstate.com
liu.edu,NCAA,D1,Northeast Conference,,www.liuathletics.com
longwood.edu,NCAA,D1,Big South Conference,,longwoodlancers.com
lsu.edu,NCAA,D1,Southeastern Conference,,www.lsusports.net
latech.edu,NCAA,D1,Sun Belt Conference,,www.latechsports.com/
louisiana.edu,NCAA,D1,Sun Belt Conference,,www.ragincajuns.com
ulm.edu,NCAA,D1,Sun Belt Conference,,www.ulmwarhawks.com
louisville.edu,NCAA,D1,Atlantic Coast Conference,,www.gocards.com
lmu.edu,NCAA,D1,West Coast Conference,,www.LMULions.com
luc.edu,NCAA,D1,Atlantic 10 Conference,,www.loyolaramblers.com
loyola.edu,NCAA,D1,Patriot League,,www.loyolagreyhounds.com
umaine.edu,NCAA,D1,America East Conference,,goblackbears.com
manhattan.edu,NCAA,D1,Metro Conference,,www.gojaspers.com
marist.edu,NCAA,D1,Metro Conference,,goredfoxes.com
marquette.edu,NCAA,D1,BIG EAST Conference,,www.gomarquette.com
marshall.edu,NCAA,D1,Sun Belt Conference,,www.herdzone.com
wwwcp.umes.edu,NCAA,D1,Mid-Eastern Athletic Conf.,,https://umeshawksports.com/
umbc.edu,NCAA,D1,America East Conference,,UMBCRetrievers.com
umd.edu,NCAA,D1,Big Ten Conference,,www.umterps.com
umass.edu,NCAA,D1,Mid-American Conference,,www.umassathletics.com
uml.edu,NCAA,D1,America East Conference,,www.goriverhawks.com
mcneese.edu,NCAA,D1,Southland Conference,,www.mcneesesports.com
memphis.edu,NCAA,D1,American Conference,,www.gotigersgo.com
www2.mercer.edu,NCAA,D1,Southern Conference,,www.mercerbears.com
mercyhurst.edu,NCAA,D1,Northeast Conference,,www.hurstathletics.com
merrimack.edu,NCAA,D1,Metro Conference,,www.merrimackathletics.com
miami.edu,NCAA,D1,Atlantic Coast Conference,,miamihurricanes.com
miamioh.edu,NCAA,D1,Mid-American Conference,,www.miamiredhawks.com
umich.edu,NCAA,D1,Big Ten Conference,,www.mgoblue.com
msu.edu,NCAA,D1,Big Ten Conference,,msuspartans.com/
mtsu.edu,NCAA,D1,Conference USA,,www.goblueraiders.com
umn.edu,NCAA,D1,Big Ten Conference,,www.gophersports.com
olemiss.edu,NCAA,D1,Southeastern Conference,,www.olemisssports.com
msstate.edu,NCAA,D1,Southeastern Conference,,www.hailstate.com
mvsu.edu,NCAA,D1,Southwestern Athletic Conf.,,www.mvsusports.com
missouristate.edu,NCAA,D1,Conference USA,,www.missouristatebears.com
missouri.edu,NCAA,D1,Southeastern Conference,,www.mutigers.com
umkc.edu,NCAA,D1,The Summit League,,www.kcroos.com
monmouth.edu,NCAA,D1,Coastal Athletic Association,,www.monmouthhawks.com
umt.edu,NCAA,D1,Big Sky Conference,,www.gogriz.com
montana.edu,NCAA,D1,Big Sky Conference,,www.msubobcats.com
moreheadstate.edu,NCAA,D1,Ohio Valley Conference,,www.msueagles.com
morgan.edu,NCAA,D1,Mid-Eastern Athletic Conf.,,www.morganstatebears.com
msmary.edu,NCAA,D1,Metro Conference,,www.mountathletics.com
murraystate.edu,NCAA,D1,Missouri Valley Conference,,www.goracers.com
unomaha.edu,NCAA,D1,The Summit League,,www.omavs.com
unl.edu,NCAA,D1,Big Ten Conference,,www.huskers.com
unlv.edu,NCAA,D1,Mountain West Conference,,unlvrebels.com
unr.edu,NCAA,D1,Mountain West Conference,,nevadawolfpack.com
unh.edu,NCAA,D1,America East Conference,,www.unhwildcats.com
newhaven.edu,NCAA,D1,Northeast Conference,,www.newhavenchargers.com
njit.edu,NCAA,D1,America East Conference,,www.njithighlanders.com
unm.edu,NCAA,D1,Mountain West Conference,,www.golobos.com
nmsu.edu,NCAA,D1,Conference USA,,www.nmstatesports.com
uno.edu,NCAA,D1,Southland Conference,,www.unoprivateers.com
niagara.edu,NCAA,D1,Metro Conference,,www.purpleeagles.com
nicholls.edu,NCAA,D1,Southland Conference,,www.geauxcolonels.com
nsu.edu,NCAA,D1,Mid-Eastern Athletic Conf.,,www.nsuspartans.com
una.edu,NCAA,D1,United Athletic Conference,,www.roarlions.com
unca.edu,NCAA,D1,Big South Conference,,www.uncabulldogs.com
ncat.edu,NCAA,D1,Coastal Athletic Association,,www.ncataggies.com
nccu.edu,NCAA,D1,Mid-Eastern Athletic Conf.,,www.nccueaglepride.com
ncsu.edu,NCAA,D1,Atlantic Coast Conference,,www.gopack.com
uncw.edu,NCAA,D1,Coastal Athletic Association,,www.uncwsports.com
unc.edu,NCAA,D1,Atlantic Coast Conference,,www.goheels.com
charlotte.edu,NCAA,D1,American Conference,,www.charlotte49ers.com
uncg.edu,NCAA,D1,Southern Conference,,www.uncgspartans.com
und.edu,NCAA,D1,The Summit League,,www.fightinghawks.com
ndsu.edu,NCAA,D1,The Summit League,,www.GoBison.com
unf.edu,NCAA,D1,Atlantic Sun Conference,,www.unfospreys.com
unt.edu,NCAA,D1,American Conference,,www.meangreensports.com
northeastern.edu,NCAA,D1,Coastal Athletic Association,,www.nuhuskies.com
nau.edu,NCAA,D1,Big Sky Conference,,www.nauathletics.com
unco.edu,NCAA,D1,Big Sky Conference,,uncbears.com
niu.edu,NCAA,D1,Horizon League,,www.niuhuskies.com
uni.edu,NCAA,D1,Missouri Valley Conference,,unipanthers.com
nku.edu,NCAA,D1,Horizon League,,www.nkunorse.com
nsula.edu,NCAA,D1,Southland Conference,,www.nsudemons.com
northwestern.edu,NCAA,D1,Big Ten Conference,,www.nusports.com
nd.edu,NCAA,D1,Atlantic Coast Conference,,www.fightingirish.com/
oakland.edu,NCAA,D1,Horizon League,,goldengrizzlies.com
osu.edu,NCAA,D1,Big Ten Conference,,ohiostatebuckeyes.com/
ohio.edu,NCAA,D1,Mid-American Conference,,www.ohiobobcats.com
ou.edu,NCAA,D1,Southeastern Conference,,soonersports.com
okstate.edu,NCAA,D1,Big 12 Conference,,www.okstate.com
odu.edu,NCAA,D1,Sun Belt Conference,,www.odusports.com
oru.edu,NCAA,D1,The Summit League,,www.oruathletics.com
uoregon.edu,NCAA,D1,Big Ten Conference,,www.goducks.com
oregonstate.edu,NCAA,D1,Pac-12 Conference,,osubeavers.com/
pacific.edu,NCAA,D1,West Coast Conference,,www.pacifictigers.com
upenn.edu,NCAA,D1,The Ivy League,,www.pennathletics.com
psu.edu,NCAA,D1,Big Ten Conference,,goPSUsports.com
pepperdine.edu,NCAA,D1,West Coast Conference,,www.pepperdinewaves.com
pitt.edu,NCAA,D1,Atlantic Coast Conference,,www.pittsburghpanthers.com
up.edu,NCAA,D1,West Coast Conference,,www.portlandpilots.com
pdx.edu,NCAA,D1,Big Sky Conference,,goviks.com
pvamu.edu,NCAA,D1,Southwestern Athletic Conf.,,www.pvpanthers.com
presby.edu,NCAA,D1,Big South Conference,,gobluehose.com
princeton.edu,NCAA,D1,The Ivy League,,www.goprincetontigers.com
providence.edu,NCAA,D1,BIG EAST Conference,,www.friars.com
pfw.edu,NCAA,D1,Horizon League,,www.gomastodons.com/
purdue.edu,NCAA,D1,Big Ten Conference,,purduesports.com
queens.edu,NCAA,D1,Atlantic Sun Conference,,www.queensathletics.com
quinnipiac.edu,NCAA,D1,Metro Conference,,www.gobobcats.com
radford.edu,NCAA,D1,Big South Conference,,www.radfordathletics.com
uri.edu,NCAA,D1,Atlantic 10 Conference,,www.gorhody.com
rice.edu,NCAA,D1,American Conference,,www.riceowls.com
richmond.edu,NCAA,D1,Atlantic 10 Conference,,richmondspiders.com/
rider.edu,NCAA,D1,Metro Conference,,www.gobroncs.com
rmu.edu,NCAA,D1,Horizon League,,www.rmucolonials.com
rutgers.edu,NCAA,D1,Big Ten Conference,,www.scarletknights.com
sacredheart.edu,NCAA,D1,Metro Conference,,sacredheartpioneers.com
francis.edu,NCAA,D1,Presidents' Athletic Conference,,www.sfuathletics.com
shsu.edu,NCAA,D1,Conference USA,,www.gobearkats.com
samford.edu,NCAA,D1,Southern Conference,,samfordsports.com
sandiego.edu,NCAA,D1,West Coast Conference,,www.usdtoreros.com
sdsu.edu,NCAA,D1,Pac-12 Conference,,goaztecs.com
usfca.edu,NCAA,D1,West Coast Conference,,usfdons.com/index.aspx
sjsu.edu,NCAA,D1,Mountain West Conference,,www.sjsuspartans.com
scu.edu,NCAA,D1,West Coast Conference,,santaclarabroncos.com
seattleu.edu,NCAA,D1,West Coast Conference,,goseattleu.com
shu.edu,NCAA,D1,BIG EAST Conference,,www.shupirates.com
siena.edu,NCAA,D1,Metro Conference,,www.sienasaints.com
southalabama.edu,NCAA,D1,Sun Belt Conference,,www.usajaguars.com
sc.edu,NCAA,D1,Southeastern Conference,,gamecocksonline.com
scsu.edu,NCAA,D1,Mid-Eastern Athletic Conf.,,www.scsuathletics.com/index.aspx
uscupstate.edu,NCAA,D1,Big South Conference,,www.upstatespartans.com
usd.edu,NCAA,D1,The Summit League,,www.goyotes.com
sdstate.edu,NCAA,D1,The Summit League,,www.gojacks.com
usf.edu,NCAA,D1,American Conference,,www.gousfbulls.com/
semo.edu,NCAA,D1,Ohio Valley Conference,,www.semoredhawks.com
southeastern.edu,NCAA,D1,Southland Conference,,www.lionsports.net
usc.edu,NCAA,D1,Big Ten Conference,,usctrojans.com
siuc.edu,NCAA,D1,Missouri Valley Conference,,www.siusalukis.com/
siue.edu,NCAA,D1,Ohio Valley Conference,,www.siuecougars.com
usi.edu,NCAA,D1,Ohio Valley Conference,,www.usiscreamingeagles.com/
smu.edu,NCAA,D1,Atlantic Coast Conference,,www.smumustangs.com
usm.edu,NCAA,D1,Sun Belt Conference,,www.southernmiss.com
subr.edu,NCAA,D1,Southwestern Athletic Conf.,,www.gojagsports.com
suu.edu,NCAA,D1,Big Sky Conference,,www.suutbirds.com
sbu.edu,NCAA,D1,Atlantic 10 Conference,,www.gobonnies.com
stjohns.edu,NCAA,D1,BIG EAST Conference,,www.redstormsports.com
sju.edu,NCAA,D1,Atlantic 10 Conference,,sjuhawks.com
slu.edu,NCAA,D1,Atlantic 10 Conference,,www.slubillikens.com
stmarys-ca.edu,NCAA,D1,West Coast Conference,,www.SMCGaels.com
saintpeters.edu.,NCAA,D1,Metro Conference,,www.saintpeterspeacocks.com
stthomas.edu,NCAA,D1,The Summit League,,www.Tommiesports.com
stanford.edu,NCAA,D1,Atlantic Coast Conference,,gostanford.com/
sfasu.edu,NCAA,D1,Southland Conference,,SFAjacks.com
stetson.edu,NCAA,D1,Atlantic Sun Conference,,www.gohatters.com
stonehill.edu,NCAA,D1,Northeast Conference,,www.stonehillskyhawks.com
stonybrook.edu,NCAA,D1,Coastal Athletic Association,,stonybrookathletics.com
syracuse.edu,NCAA,D1,Atlantic Coast Conference,,cuse.com
tarleton.edu,NCAA,D1,United Athletic Conference,,tarletonsports.com
temple.edu,NCAA,D1,American Conference,,www.owlsports.com
tnstate.edu,NCAA,D1,Ohio Valley Conference,,www.tsutigers.com
tntech.edu,NCAA,D1,Southern Conference,,www.TTUsports.com/
utc.edu,NCAA,D1,Southern Conference,,www.gomocs.com
utk.edu,NCAA,D1,Southeastern Conference,,www.utsports.com
utm.edu,NCAA,D1,Ohio Valley Conference,,www.utmsports.com
tamu.edu,NCAA,D1,Southeastern Conference,,www.12thman.com
tamucc.edu,NCAA,D1,Southland Conference,,www.goislanders.com
uta.edu,NCAA,D1,United Athletic Conference,,www.utamavs.com
tcu.edu,NCAA,D1,Big 12 Conference,,www.gofrogs.com
utrgv.edu,NCAA,D1,Southland Conference,,goutrgv.com
tsu.edu,NCAA,D1,Southwestern Athletic Conf.,,www.tsusports.com
txstate.edu,NCAA,D1,Pac-12 Conference,,txstatebobcats.com
ttu.edu,NCAA,D1,Big 12 Conference,,www.texastech.com
utexas.edu,NCAA,D1,Southeastern Conference,,www.TexasLonghorns.com
utep.edu,NCAA,D1,Mountain West Conference,,www.utepminers.com
utsa.edu,NCAA,D1,American Conference,,www.goutsa.com
utoledo.edu,NCAA,D1,Mid-American Conference,,www.utrockets.com
towson.edu,NCAA,D1,Coastal Athletic Association,,www.towsontigers.com
troy.edu,NCAA,D1,Sun Belt Conference,,troytrojans.com
tulane.edu,NCAA,D1,American Conference,,www.tulanegreenwave.com
utulsa.edu,NCAA,D1,American Conference,,www.tulsahurricane.com
usafa.edu,NCAA,D1,Mountain West Conference,,www.goairforcefalcons.com/
westpoint.edu,NCAA,D1,Patriot League,,goarmywestpoint.com/index.aspx
usna.edu,NCAA,D1,Patriot League,,www.navysports.com
utah.edu,NCAA,D1,Big 12 Conference,,utahutes.com/
usu.edu,NCAA,D1,Pac-12 Conference,,www.utahstateaggies.com
utahtech.edu,NCAA,D1,Big Sky Conference,,utahtechtrailblazers.com/
uvu.edu,NCAA,D1,Big West Conference,,www.gouvu.com
valpo.edu,NCAA,D1,Missouri Valley Conference,,www.valpoathletics.com
vanderbilt.edu,NCAA,D1,Southeastern Conference,,vucommodores.com
uvm.edu,NCAA,D1,America East Conference,,www.uvmathletics.com
villanova.edu,NCAA,D1,BIG EAST Conference,,www.villanova.com
virginia.edu,NCAA,D1,Atlantic Coast Conference,,www.virginiasports.com
vcu.edu,NCAA,D1,Atlantic 10 Conference,,www.vcuathletics.com
vmi.edu,NCAA,D1,Southern Conference,,www.vmikeydets.com
vt.edu,NCAA,D1,Atlantic Coast Conference,,www.hokiesports.com
wagner.edu,NCAA,D1,Northeast Conference,,www.wagnerathletics.com
wfu.edu,NCAA,D1,Atlantic Coast Conference,,www.godeacs.com
washington.edu,NCAA,D1,Big Ten Conference,,www.gohuskies.com
wsu.edu,NCAA,D1,Pac-12 Conference,,www.wsucougars.com
weber.edu,NCAA,D1,Big Sky Conference,,www.weberstatesports.com/
uwf.edu,NCAA,D1,Atlantic Sun Conference,,www.goargos.com
westga.edu,NCAA,D1,United Athletic Conference,,www.uwgathletics.com
wvu.edu,NCAA,D1,Big 12 Conference,,www.wvusports.com
wcu.edu,NCAA,D1,Southern Conference,,www.catamountsports.com
wiu.edu,NCAA,D1,Ohio Valley Conference,,www.goleathernecks.com
wku.edu,NCAA,D1,Conference USA,,www.wkusports.com
wmich.edu,NCAA,D1,Mid-American Conference,,www.wmubroncos.com
wichita.edu,NCAA,D1,American Conference,,www.goshockers.com
wm.edu,NCAA,D1,Coastal Athletic Association,,www.tribeathletics.com
winthrop.edu,NCAA,D1,Big South Conference,,www.winthropeagles.com
uwgb.edu,NCAA,D1,Horizon League,,greenbayphoenix.com
wisc.edu,NCAA,D1,Big Ten Conference,,www.uwbadgers.com
uwm.edu,NCAA,D1,Horizon League,,www.mkepanthers.com
wofford.edu,NCAA,D1,Southern Conference,,www.wofford.edu/athletics
wright.edu,NCAA,D1,Horizon League,,www.wsuraiders.com
uwyo.edu,NCAA,D1,Mountain West Conference,,www.gowyo.com
xavier.edu,NCAA,D1,BIG EAST Conference,,www.goxavier.com
yale.edu,NCAA,D1,The Ivy League,,www.yalebulldogs.com
ysu.edu,NCAA,D1,Horizon League,,www.ysusports.com
adams.edu,NCAA,D2,Rocky Mountain Athletic Conference,,www.asugrizzlies.com
adelphi.edu,NCAA,D2,Northeast 10 Conference,,www.aupanthers.com
uah.edu,NCAA,D2,Gulf South Conference,,uahchargers.com
uaa.alaska.edu,NCAA,D2,Great Northwest Athletic Conference,,www.goseawolves.com
uaf.edu,NCAA,D2,Great Northwest Athletic Conference,,www.AlaskaNanooks.com
asurams.edu,NCAA,D2,Southern Intercol. Ath. Conf.,,www.asugoldenrams.com
allenuniversity.edu,NCAA,D2,Southern Intercol. Ath. Conf.,,auyellowjackets.com
aic.edu,NCAA,D2,Northeast 10 Conference,,aicyellowjackets.com
andersonuniversity.edu,NCAA,D2,South Atlantic Conference,,www.autrojans.com
angelo.edu,NCAA,D2,Lone Star Conference,,www.angelosports.com
atu.edu,NCAA,D2,Great American Conference,,www.arkansastechsports.com/
uafs.edu,NCAA,D2,Mid-America Intercollegiate Athletics Association,,www.uafortsmithlions.com
uamont.edu,NCAA,D2,Great American Conference,,www.uamsports.com
ashland.edu,NCAA,D2,Great Midwest Athletic Conference,,www.goashlandeagles.com
assumption.edu,NCAA,D2,Northeast 10 Conference,,www.assumptiongreyhounds.com
aum.edu,NCAA,D2,Gulf South Conference,,www.aumathletics.com
augusta.edu,NCAA,D2,Peach Belt Conference,,www.augustajags.com
augie.edu,NCAA,D2,Northern Sun Intercollegiate Conference,,www.goaugie.com
apu.edu,NCAA,D2,Southern California Intercollegiate Athletic Conf.,,athletics.apu.edu
barry.edu,NCAA,D2,Sunshine State Conference,,Www.GoBarryBucs.com
barton.edu,NCAA,D2,Conference Carolinas,,www.bartonbulldogs.com
bac.edu,NCAA,D2,Conference Carolinas,,www.abbeyathletics.com
bemidjistate.edu,NCAA,D2,Northern Sun Intercollegiate Conference,,www.bsubeavers.com/
benedict.edu,NCAA,D2,Southern Intercol. Ath. Conf.,,benedicttigers.com
bentley.edu,NCAA,D2,Northeast 10 Conference,,www.bentley.edu/athletics
biola.edu,NCAA,D2,Pacific West Conference,,athletics.biola.edu
bhsu.edu,NCAA,D2,Rocky Mountain Athletic Conference,,bhsuathletics.com
commonwealthu.edu,NCAA,D2,Pennsylvania State Athletic Conference,,www.bloomsburgathletics.com
bluefieldstate.edu,NCAA,D2,Central Intercollegiate Athletic Association,,gobstate.com
bowiestate.edu,NCAA,D2,Central Intercollegiate Athletic Association,,www.bsubulldogs.com
bridgeport.edu,NCAA,D2,Central Atlantic Collegiate Conference,,www.ubknights.com
cpp.edu,NCAA,D2,California Collegiate Athletic Association,,www.broncoathletics.com
caldwell.edu,NCAA,D2,Central Atlantic Collegiate Conference,,www.caldwellathletics.com
csumb.edu,NCAA,D2,California Collegiate Athletic Association,,www.otterathletics.com
csuchico.edu,NCAA,D2,California Collegiate Athletic Association,,www.chicowildcats.com
csudh.edu,NCAA,D2,California Collegiate Athletic Association,,www.gotoros.com
csueastbay.edu,NCAA,D2,California Collegiate Athletic Association,,www.eastbaypioneers.com
csusb.edu,NCAA,D2,California Collegiate Athletic Association,,www.csusbathletics.com
csustan.edu,NCAA,D2,California Collegiate Athletic Association,,www.warriorathletics.com
calstatela.edu,NCAA,D2,California Collegiate Athletic Association,,www.lagoldeneagles.com
humboldt.edu,NCAA,D2,California Collegiate Athletic Association,,humboldtathletics.com
csusm.edu,NCAA,D2,California Collegiate Athletic Association,,csusmcougars.com
pennwest.edu,NCAA,D2,Pennsylvania State Athletic Conference,,www.calvulcans.com
ucmerced.edu,NCAA,D2,California Collegiate Athletic Association,,www.ucmercedbobcats.com
cameron.edu,NCAA,D2,Lone Star Conference,,cameronaggies.com
cn.edu,NCAA,D2,South Atlantic Conference,,cneagles.com
catawba.edu,NCAA,D2,South Atlantic Conference,,www.catawbaathletics.com
cedarville.edu,NCAA,D2,Great Midwest Athletic Conference,,www.yellowjackets.cedarville.edu
ucmo.edu,NCAA,D2,Mid-America Intercollegiate Athletics Association,,ucmathletics.com
uco.edu,NCAA,D2,Mid-America Intercollegiate Athletics Association,,www.bronchosports.com
centralstate.edu,NCAA,D2,Southern Intercol. Ath. Conf.,,www.maraudersports.com
cwu.edu,NCAA,D2,Great Northwest Athletic Conference,,wildcatsports.com
csc.edu,NCAA,D2,Rocky Mountain Athletic Conference,,www.chadroneagles.com
chaminade.edu,NCAA,D2,Pacific West Conference,,goswords.com/
ucwv.edu,NCAA,D2,Mountain East Conference,,www.ucgoldeneagles.com
chc.edu,NCAA,D2,Central Atlantic Collegiate Conference,,www.griffinathletics.com
chowan.edu,NCAA,D2,Conference Carolinas,,www.gocuhawks.com
cbu.edu,NCAA,D2,Gulf South Conference,,www.cbubucs.com
claflin.edu,NCAA,D2,Central Intercollegiate Athletic Association,,athletics.claflin.edu
pennwest.edu,NCAA,D2,Pennsylvania State Athletic Conference,,www.clariongoldeneagles.com
cau.edu,NCAA,D2,Southern Intercol. Ath. Conf.,,www.clarkatlantasports.com
clayton.edu,NCAA,D2,Peach Belt Conference,,www.claytonstatesports.com
coker.edu,NCAA,D2,South Atlantic Conference,,www.cokercobras.com/
ccu.edu,NCAA,D2,Rocky Mountain Athletic Conference,,www.ccucougars.com
uccs.edu,NCAA,D2,Rocky Mountain Athletic Conference,,www.gomountainlions.com
coloradomesa.edu,NCAA,D2,Rocky Mountain Athletic Conference,,cmumavericks.com
mines.edu,NCAA,D2,Rocky Mountain Athletic Conference,,minesathletics.com
csupueblo.edu,NCAA,D2,Rocky Mountain Athletic Conference,,www.gothunderwolves.com
columbusstate.edu,NCAA,D2,Peach Belt Conference,,csucougars.com
concord.edu,NCAA,D2,Mountain East Conference,,www.cumountainlions.com
cui.edu,NCAA,D2,Pacific West Conference,,www.cuigoldeneagles.com
csp.edu,NCAA,D2,Northern Sun Intercollegiate Conference,,cspbears.com/index.aspx
converse.edu,NCAA,D2,Conference Carolinas,,govalkyries.com
dyc.edu,NCAA,D2,East Coast Conference,,athletics.dyc.edu
daemen.edu,NCAA,D2,East Coast Conference,,daemenwildcats.com/
dbu.edu,NCAA,D2,Lone Star Conference,,www.dbupatriots.com
davenport.edu,NCAA,D2,Great Lakes Intercollegiate Athletic Conference,,dupanthers.com
dewv.edu,NCAA,D2,Mountain East Conference,,www.senatornation.com
deltastate.edu,NCAA,D2,Gulf South Conference,,www.gostatesmen.com
udc.edu,NCAA,D2,East Coast Conference,,www.udcfirebirds.com
dominican.edu,NCAA,D2,Pacific West Conference,,www.dominicanathletics.com
duny.edu,NCAA,D2,Central Atlantic Collegiate Conference,,www.chargerathletics.com
drury.edu,NCAA,D2,Great Lakes Valley Conference,,www.drurypanthers.com/
ecok.edu,NCAA,D2,Great American Conference,,ecutigers.com
esu.edu,NCAA,D2,Pennsylvania State Athletic Conference,,esuwarriors.com
enmu.edu,NCAA,D2,Lone Star Conference,,www.goeasternathletics.com
eckerd.edu,NCAA,D2,Sunshine State Conference,,www.eckerdtritons.com
edinboro.edu,NCAA,D2,Pennsylvania State Athletic Conference,,www.gofightingscots.com
ewu.edu,NCAA,D2,Southern Intercol. Ath. Conf.,,www.ewutigerpride.com
ecsu.edu,NCAA,D2,Central Intercollegiate Athletic Association,,www.ecsuvikings.com
erau.edu,NCAA,D2,Sunshine State Conference,,www.erauathletics.com
ec.edu,NCAA,D2,Conference Carolinas,,www.goeclions.com
emoryhenry.edu,NCAA,D2,South Atlantic Conference,,www.gowasps.com
emporia.edu,NCAA,D2,Mid-America Intercollegiate Athletics Association,,www.esuhornets.com
erskine.edu,NCAA,D2,Conference Carolinas,,www.erskinesports.com
fairmontstate.edu,NCAA,D2,Mountain East Conference,,www.fightingfalcons.com
uncfsu.edu,NCAA,D2,Central Intercollegiate Athletic Association,,fsubroncos.com
felician.edu,NCAA,D2,Central Atlantic Collegiate Conference,,www.felicianuathletics.com
ferris.edu,NCAA,D2,Great Lakes Intercollegiate Athletic Conference,,www.ferrisstatebulldogs.com
ferrum.edu,NCAA,D2,Conference Carolinas,,www.ferrumpanthers.com
findlay.edu,NCAA,D2,Great Midwest Athletic Conference,,findlayoilers.com
flagler.edu,NCAA,D2,Peach Belt Conference,,www.flaglerathletics.com/
fit.edu,NCAA,D2,Sunshine State Conference,,floridatechsports.com/
flsouthern.edu,NCAA,D2,Sunshine State Conference,,www.fscmocs.com
fhsu.edu,NCAA,D2,Mid-America Intercollegiate Athletics Association,,www.fhsuathletics.com
fortlewis.edu,NCAA,D2,Rocky Mountain Athletic Conference,,www.goskyhawks.com
fvsu.edu,NCAA,D2,Southern Intercol. Ath. Conf.,,fvsusports.com/index.aspx
fmarion.edu,NCAA,D2,Conference Carolinas,,www.fmupatriots.com
franklinpierce.edu,NCAA,D2,Northeast 10 Conference,,www.fpuravens.com/landing/index
fresno.edu,NCAA,D2,California Collegiate Athletic Association,,fpuathletics.com/
frostburg.edu,NCAA,D2,Mountain East Conference,,www.frostburgsports.com
gannon.edu,NCAA,D2,Pennsylvania State Athletic Conference,,www.gannonsports.com
gcsu.edu,NCAA,D2,Peach Belt Conference,,www.gcsubobcats.com
gsw.edu,NCAA,D2,Peach Belt Conference,,www.gswcanes.com
georgian.edu,NCAA,D2,Central Atlantic Collegiate Conference,,www.gculions.com
glenville.edu,NCAA,D2,Mountain East Conference,,www.gscpioneers.com
gbc.edu,NCAA,D2,Central Atlantic Collegiate Conference,,www.gbcathletics.com
gvsu.edu,NCAA,D2,Great Lakes Intercollegiate Athletic Conference,,gvsulakers.com
harding.edu,NCAA,D2,Great American Conference,,www.hardingsports.com
uhh.hawaii.edu,NCAA,D2,Pacific West Conference,,hiloathletics.com
hpu.edu,NCAA,D2,Pacific West Conference,,www.hpusharks.com/
hsu.edu,NCAA,D2,Great American Conference,,hsusports.com
hillsdale.edu,NCAA,D2,Great Midwest Athletic Conference,,www.hillsdalechargers.com
holyfamily.edu,NCAA,D2,Central Atlantic Collegiate Conference,,athletics.holyfamily.edu
uis.edu,NCAA,D2,Great Lakes Valley Conference,,www.uisprairiestars.com
iup.edu,NCAA,D2,Pennsylvania State Athletic Conference,,iupathletics.com
uindy.edu,NCAA,D2,Great Lakes Valley Conference,,uindyathletics.com
uj.edu,NCAA,D2,Northern Sun Intercollegiate Conference,,jimmiepride.com
jessup.edu,NCAA,D2,Pacific West Conference,,jessupathletics.com
jcsu.edu,NCAA,D2,Central Intercollegiate Athletic Association,,www.goldenbullsports.com
kysu.edu,NCAA,D2,Southern Intercol. Ath. Conf.,,ksuthorobreds.com
kwc.edu,NCAA,D2,Great Midwest Athletic Conference,,kwcpanthers.com
king.edu,NCAA,D2,Conference Carolinas,,www.kingtornado.com/
kutztown.edu,NCAA,D2,Pennsylvania State Athletic Conference,,www.kubears.com
lec.edu,NCAA,D2,Great Midwest Athletic Conference,,www.lakeeriestorm.com
lssu.edu,NCAA,D2,Great Lakes Intercollegiate Athletic Conference,,lssulakers.com
lander.edu,NCAA,D2,Peach Belt Conference,,www.landerbearcats.com
lanecollege.edu,NCAA,D2,Southern Intercol. Ath. Conf.,,www.golcdragons.com/
leeuniversity.edu,NCAA,D2,Gulf South Conference,,www.leeuflames.com
lmc.edu,NCAA,D2,Conference Carolinas,,lmcbobcats.com
loc.edu,NCAA,D2,Southern Intercol. Ath. Conf.,,athletics.loc.edu/
lr.edu,NCAA,D2,South Atlantic Conference,,www.lrbears.com
lewisu.edu,NCAA,D2,Great Lakes Valley Conference,,www.lewisflyers.com
lmunet.edu,NCAA,D2,South Atlantic Conference,,www.lmurailsplitters.com
lincolnu.edu,NCAA,D2,Great Lakes Valley Conference,,www.lubluetigers.com
lincoln.edu,NCAA,D2,Central Intercollegiate Athletic Association,,www.lulions.com
livingstone.edu,NCAA,D2,Central Intercollegiate Athletic Association,,https://bluebearathletics.com/
lockhaven.edu,NCAA,D2,Pennsylvania State Athletic Conference,,https://www.lockhavenathletics.com/
lcu.edu,NCAA,D2,Lone Star Conference,,www.lcuchaps.com
lynn.edu,NCAA,D2,Sunshine State Conference,,www.lynnfightingknights.com
malone.edu,NCAA,D2,Great Midwest Athletic Conference,,www.malonepioneers.com
commonwealthu.edu,NCAA,D2,Pennsylvania State Athletic Conference,,www.gomounties.com
mhu.edu,NCAA,D2,South Atlantic Conference,,www.marshilllions.com
umary.edu,NCAA,D2,Northern Sun Intercollegiate Conference,,www.goumary.com
maryville.edu,NCAA,D2,Great Lakes Valley Conference,,www.maryvillesaints.com
mckendree.edu,NCAA,D2,Great Lakes Valley Conference,,www.mckbearcats.com
menlo.edu,NCAA,D2,California Collegiate Athletic Association,,menloathletics.com/
mercy.edu,NCAA,D2,East Coast Conference,,www.mercyathletics.com
mercyhurst.edu,NCAA,D2,Northeast Conference,,www.hurstathletics.com
msudenver.edu,NCAA,D2,Rocky Mountain Athletic Conference,,www.RoadrunnersAthletics.com
mtu.edu,NCAA,D2,Great Lakes Intercollegiate Athletic Conference,,www.michigantechhuskies.com
msutexas.edu,NCAA,D2,Lone Star Conference,,msumustangs.com
miles.edu,NCAA,D2,Southern Intercol. Ath. Conf.,,milesgoldenbears.com/
millersville.edu,NCAA,D2,Pennsylvania State Athletic Conference,,www.millersvilleathletics.com
mnsu.edu,NCAA,D2,Northern Sun Intercollegiate Conference,,www.msumavericks.com
mnstate.edu,NCAA,D2,Northern Sun Intercollegiate Conference,,msumdragons.com/
umcrookston.edu,NCAA,D2,Northern Sun Intercollegiate Conference,,www.goldeneaglesports.com/
d.umn.edu,NCAA,D2,Northern Sun Intercollegiate Conference,,umdbulldogs.com/
minotstateu.edu,NCAA,D2,Northern Sun Intercollegiate Conference,,www.msubeavers.com
mc.edu,NCAA,D2,Gulf South Conference,,www.gochoctaws.com
mst.edu,NCAA,D2,Great Lakes Valley Conference,,www.minerathletics.com
mssu.edu,NCAA,D2,Mid-America Intercollegiate Athletics Association,,mssulions.com
missouriwestern.edu,NCAA,D2,Mid-America Intercollegiate Athletics Association,,www.gogriffons.com
umsl.edu,NCAA,D2,Great Lakes Valley Conference,,umsltritons.com
molloy.edu,NCAA,D2,East Coast Conference,,www.molloylions.com
msubillings.edu,NCAA,D2,Great Northwest Athletic Conference,,www.msubsports.com
montevallo.edu,NCAA,D2,Gulf South Conference,,www.montevallofalcons.com
morehouse.edu,NCAA,D2,Southern Intercol. Ath. Conf.,,www.morehouseathletics.com
umo.edu,NCAA,D2,Conference Carolinas,,www.umotrojans.com
unk.edu,NCAA,D2,Mid-America Intercollegiate Athletics Association,,www.lopers.com
newhaven.edu,NCAA,D2,Northeast Conference,,www.newhavenchargers.com
nmhu.edu,NCAA,D2,Rocky Mountain Athletic Conference,,www.nmhuathletics.com
newberry.edu,NCAA,D2,South Atlantic Conference,,www.newberrywolves.com
newmanu.edu,NCAA,D2,Mid-America Intercollegiate Athletics Association,,www.newmanjets.com
uncp.edu,NCAA,D2,Conference Carolinas,,www.uncpbraves.com
ung.edu,NCAA,D2,Peach Belt Conference,,www.ungathletics.com
ngu.edu,NCAA,D2,Conference Carolinas,,www.nguathletics.com
nsuok.edu,NCAA,D2,Mid-America Intercollegiate Athletics Association,,www.goriverhawksgo.com
nmu.edu,NCAA,D2,Great Lakes Intercollegiate Athletic Conference,,www.nmuwildcats.com
northern.edu,NCAA,D2,Northern Sun Intercollegiate Conference,,nsuwolves.com
nwmissouri.edu,NCAA,D2,Mid-America Intercollegiate Athletics Association,,bearcatsports.com
nnu.edu,NCAA,D2,Great Northwest Athletic Conference,,nnusports.com
nwosu.edu,NCAA,D2,Great American Conference,,www.riderangersride.com
northwood.edu,NCAA,D2,Great Midwest Athletic Conference,,gonorthwood.com
nova.edu,NCAA,D2,Sunshine State Conference,,nsusharks.com
ohiodominican.edu,NCAA,D2,Great Midwest Athletic Conference,,www.ohiodominicanpanthers.com
okbu.edu,NCAA,D2,Great American Conference,,www.obubison.com
oc.edu,NCAA,D2,Lone Star Conference,,www.oceagles.com
obu.edu,NCAA,D2,Great American Conference,,www.obutigers.com
pace.edu,NCAA,D2,Northeast 10 Conference,,www.paceuathletics.com
pba.edu,NCAA,D2,Sunshine State Conference,,www.pbasailfish.com
pittstate.edu,NCAA,D2,Mid-America Intercollegiate Athletics Association,,www.pittstategorillas.com
upj.pitt.edu,NCAA,D2,Pennsylvania State Athletic Conference,,pittjohnstownathletics.com/
pointloma.edu,NCAA,D2,Pacific West Conference,,www.plnusealions.com
pointpark.edu,NCAA,D2,Mountain East Conference,,pointparksports.com
post.edu,NCAA,D2,Central Atlantic Collegiate Conference,,www.posteagles.com
uprb.edu,NCAA,D2,Independent,,www.uprb.edu
uprm.edu,NCAA,D2,Independent,,www.uprm.edu/actividadesatleticas
uprrp.edu,NCAA,D2,Independent,,https://estudiantes.uprrp.edu/desarollo-estudiantil/departamento-atletico/
pnw.edu,NCAA,D2,Great Lakes Intercollegiate Athletic Conference,,www.pnwathletics.com
qc.cuny.edu,NCAA,D2,East Coast Conference,,www.queensknights.com
quincy.edu,NCAA,D2,Great Lakes Valley Conference,,quhawks.com
regis.edu,NCAA,D2,Rocky Mountain Athletic Conference,,www.regisrangers.com
roberts.edu,NCAA,D2,East Coast Conference,,www.robertsredhawks.com
rockhurst.edu,NCAA,D2,Great Lakes Valley Conference,,www.rockhursthawks.com/
rsu.edu,NCAA,D2,Mid-America Intercollegiate Athletics Association,,www.rsuhillcats.com
rollins.edu,NCAA,D2,Sunshine State Conference,,RollinsSports.com
roosevelt.edu,NCAA,D2,Great Lakes Intercollegiate Athletic Conference,,www.rooseveltlakers.com
svsu.edu,NCAA,D2,Great Lakes Intercollegiate Athletic Conference,,www.svsucardinals.com
salemu.edu,NCAA,D2,Independent,,www.salemtigers.com
sfsu.edu,NCAA,D2,California Collegiate Athletic Association,,sfstategators.com
savannahstate.edu,NCAA,D2,Southern Intercol. Ath. Conf.,,ssuathletics.com/
spu.edu,NCAA,D2,Great Northwest Athletic Conference,,spufalcons.com/index.aspx
setonhill.edu,NCAA,D2,Pennsylvania State Athletic Conference,,www.setonhill.edu/athletics
shawuniversity.edu,NCAA,D2,Central Intercollegiate Athletic Association,,www.shawbears.com
shawnee.edu,NCAA,D2,Mountain East Conference,,www.ssubears.com
shepherd.edu,NCAA,D2,Pennsylvania State Athletic Conference,,shepherdrams.com
ship.edu,NCAA,D2,Pennsylvania State Athletic Conference,,www.shipraiders.com
shorter.edu,NCAA,D2,Conference Carolinas,,www.goshorterhawks.com
sfu.ca,NCAA,D2,Great Northwest Athletic Conference,,athletics.sfu.ca/
usiouxfalls.edu,NCAA,D2,Northern Sun Intercollegiate Conference,,www.usfcougars.com
sru.edu,NCAA,D2,Pennsylvania State Athletic Conference,,www.rockathletics.com
sonoma.edu,NCAA,D2,California Collegiate Athletic Association,,www.sonomaseawolves.com
usca.edu,NCAA,D2,Peach Belt Conference,,www.pacersports.com
uscb.edu,NCAA,D2,Peach Belt Conference,,uscbathletics.com
sdmines.sdsmt.edu,NCAA,D2,Rocky Mountain Athletic Conference,,gorockers.com
se.edu,NCAA,D2,Great American Conference,,www.gosoutheastern.com
saumag.edu,NCAA,D2,Great American Conference,,www.muleriderathletics.com
southernct.edu,NCAA,D2,Northeast 10 Conference,,scsuowls.com
snu.edu,NCAA,D2,Great American Conference,,snuathletics.com
snhu.edu,NCAA,D2,Northeast 10 Conference,,www.snhupenmen.com
swu.edu,NCAA,D2,Conference Carolinas,,swuathletics.com
sbuniv.edu,NCAA,D2,Great Lakes Valley Conference,,www.sbubearcats.com
smsu.edu,NCAA,D2,Northern Sun Intercollegiate Conference,,www.smsumustangs.com
swosu.edu,NCAA,D2,Great American Conference,,www.swosuathletics.com
shc.edu,NCAA,D2,Southern Intercol. Ath. Conf.,,www.shcbadgers.com
anselm.edu,NCAA,D2,Northeast 10 Conference,,www.saintanselmhawks.com
stcloudstate.edu,NCAA,D2,Northern Sun Intercollegiate Conference,,www.stcloudstate.edu/athletics
stedwards.edu,NCAA,D2,Lone Star Conference,,gohilltoppers.com
saintleo.edu,NCAA,D2,Sunshine State Conference,,www.saintleolions.com
stmartin.edu,NCAA,D2,Great Northwest Athletic Conference,,www.smusaints.com
stmarytx.edu,NCAA,D2,Lone Star Conference,,www.rattlerathletics.com
smcvt.edu,NCAA,D2,Northeast 10 Conference,,www.smcathletics.com
stac.edu,NCAA,D2,East Coast Conference,,https://www.stacathletics.com/landing/index
csi.cuny.edu,NCAA,D2,East Coast Conference,,www.csidolphins.com
sulross.edu,NCAA,D2,Lone Star Conference,,www.srlobos.com
ut.edu,NCAA,D2,Sunshine State Conference,,tampaspartans.com/landing/index
tamiu.edu,NCAA,D2,Lone Star Conference,,godustdevils.com
tamuk.edu,NCAA,D2,Lone Star Conference,,www.javelinaathletics.com
twu.edu,NCAA,D2,Lone Star Conference,,www.twuathletics.com
uttyler.edu,NCAA,D2,Lone Star Conference,,www.uttylerpatriots.com
jefferson.edu,NCAA,D2,Central Atlantic Collegiate Conference,,www.jeffersonrams.com
thomasmore.edu,NCAA,D2,Great Midwest Athletic Conference,,www.thomasmoresaints.com
tiffin.edu,NCAA,D2,Great Midwest Athletic Conference,,www.gotiffindragons.com
trevecca.edu,NCAA,D2,Gulf South Conference,,www.tnutrojans.com
truman.edu,NCAA,D2,Great Lakes Valley Conference,,www.trumanbulldogs.com
tusculum.edu,NCAA,D2,South Atlantic Conference,,www.tusculumpioneers.com
tuskegee.edu,NCAA,D2,Southern Intercol. Ath. Conf.,,www.goldentigersports.com/
uu.edu,NCAA,D2,Gulf South Conference,,www.uuathletics.com
uiu.edu,NCAA,D2,Great Lakes Valley Conference,,uiupeacocks.com/
ursuline.edu,NCAA,D2,Great Midwest Athletic Conference,,www.ursulinearrows.com
utpb.edu,NCAA,D2,Lone Star Conference,,www.utpbfalcons.com
utdallas.edu,NCAA,D2,Lone Star Conference,,utdcomets.com
valdosta.edu,NCAA,D2,Gulf South Conference,,www.vstateblazers.com
vanguard.edu,NCAA,D2,Pacific West Conference,,www.vanguardlions.com
uvawise.edu,NCAA,D2,South Atlantic Conference,,www.uvawisecavs.com
vsu.edu,NCAA,D2,Central Intercollegiate Athletic Association,,www.govsutrojans.com
vuu.edu,NCAA,D2,Central Intercollegiate Athletic Association,,vuusports.com/
walsh.edu,NCAA,D2,Great Midwest Athletic Conference,,athletics.walsh.edu/landing/index
washburn.edu,NCAA,D2,Mid-America Intercollegiate Athletics Association,,www.wusports.com
wayne.edu,NCAA,D2,Great Lakes Intercollegiate Athletic Conference,,www.wsuathletics.com
wsc.edu,NCAA,D2,Northern Sun Intercollegiate Conference,,www.wscwildcats.com/
uwa.edu,NCAA,D2,Gulf South Conference,,www.uwaathletics.com
wcupa.edu,NCAA,D2,Pennsylvania State Athletic Conference,,www.wcupagoldenrams.com
uwf.edu,NCAA,D2,Atlantic Sun Conference,,www.goargos.com
westga.edu,NCAA,D2,United Athletic Conference,,www.uwgathletics.com
westliberty.edu,NCAA,D2,Mountain East Conference,,www.hilltoppersports.com
wtamu.edu,NCAA,D2,Lone Star Conference,,www.gobuffsgo.com
wvstateu.edu,NCAA,D2,Mountain East Conference,,www.wvsuyellowjackets.com
wvwc.edu,NCAA,D2,Mountain East Conference,,wesleyanbobcats.com
western.edu,NCAA,D2,Rocky Mountain Athletic Conference,,www.gomountaineers.com
wnmu.edu,NCAA,D2,Lone Star Conference,,www.wnmumustangs.com
wou.edu,NCAA,D2,Great Northwest Athletic Conference,,www.wouwolves.com
wwu.edu,NCAA,D2,Great Northwest Athletic Conference,,www.wwuvikings.com
westminsteru.edu,NCAA,D2,Rocky Mountain Athletic Conference,,www.westminstergriffins.com
westmont.edu,NCAA,D2,Pacific West Conference,,athletics.westmont.edu
wheeling.edu,NCAA,D2,Mountain East Conference,,wucardinals.com/
jewell.edu,NCAA,D2,Great Lakes Valley Conference,,www.jewellcardinals.com
wilmu.edu,NCAA,D2,Central Atlantic Collegiate Conference,,athletics.wilmu.edu/landing/index
wingate.edu,NCAA,D2,South Atlantic Conference,,wingatebulldogs.com
winona.edu,NCAA,D2,Northern Sun Intercollegiate Conference,,www.winonastatewarriors.com
wssu.edu,NCAA,D2,Central Intercollegiate Athletic Association,,wssurams.com
uwp.edu,NCAA,D2,Great Lakes Intercollegiate Athletic Conference,,www.parksiderangers.com
yhc.edu,NCAA,D2,Conference Carolinas,,www.yhcathletics.com
adrian.edu,NCAA,D3,Michigan Intercollegiate Athletic Association,,www.adrianbulldogs.com
agnesscott.edu,NCAA,D3,Collegiate Conference of the South,,www.ascscotties.com
albertus.edu,NCAA,D3,Great Northeast Athletic Conference,,www.albertusfalcons.com
albion.edu,NCAA,D3,Michigan Intercollegiate Athletic Association,,www.gobrits.com
albright.edu,NCAA,D3,Middle Atlantic Conference Commonwealth,,www.albrightathletics.com
alfredstate.edu,NCAA,D3,State University of New York Athletic Conference,,www.alfredstateathletics.com
alfred.edu,NCAA,D3,Empire 8,,www.gosaxons.com
allegheny.edu,NCAA,D3,Presidents' Athletic Conference,,www.alleghenygators.com
alma.edu,NCAA,D3,Michigan Intercollegiate Athletic Association,,www.almascots.com
alvernia.edu,NCAA,D3,Middle Atlantic Conference Commonwealth,,athletics.alvernia.edu
alverno.edu,NCAA,D3,Coast-To-Coast Athletic Conference,,athletics.alverno.edu/
amherst.edu,NCAA,D3,New England Small College Athletic Conference,,athletics.amherst.edu/landing/index
anderson.edu,NCAA,D3,Heartland Collegiate Athletic Conference,,athletics.anderson.edu
arcadia.edu,NCAA,D3,Middle Atlantic Conference Freedom,,www.arcadiaknights.com/
asbury.edu,NCAA,D3,Collegiate Conference of the South,,www.asburyeagles.com
augsburg.edu,NCAA,D3,Minnesota Intercollegiate Athletic Conference,,athletics.augsburg.edu
augustana.edu,NCAA,D3,College Conference of Illinois & Wisconsin,,www.athletics.augustana.edu/
aurora.edu,NCAA,D3,Northern Athletics Collegiate Conference,,athletics.aurora.edu
austincollege.edu,NCAA,D3,Southern Collegiate Athletic Conference,,www.acroos.com
averett.edu,NCAA,D3,Old Dominion Athletic Conf.,,www.averettcougars.com
apu.edu,NCAA,D3,Southern California Intercollegiate Athletic Conf.,,athletics.apu.edu
babson.edu,NCAA,D3,New England Women's and Men's Athletic Conference,,www.babsonathletics.com
bw.edu,NCAA,D3,Ohio Athletic Conference,,www.bwyellowjackets.com/landing/index
bard.edu,NCAA,D3,Liberty League,,www.bardathletics.com
baruch.cuny.edu,NCAA,D3,City University of New York Athletic Conference,,www.baruchathletics.com
bates.edu,NCAA,D3,New England Small College Athletic Conference,,www.gobatesbobcats.com
vwu.edu,NCAA,D3,Old Dominion Athletic Conf.,,vwuathletics.com
belhaven.edu,NCAA,D3,Collegiate Conference of the South,,blazers.belhaven.edu
beloit.edu,NCAA,D3,Midwest Conference,,www.beloit.edu/bucs/
ben.edu,NCAA,D3,Northern Athletics Collegiate Conference,,www.benueagles.com
berea.edu,NCAA,D3,Heartland Collegiate Athletic Conference,,www.bereaathletics.com
berry.edu,NCAA,D3,Southern Athletic Association,,www.berryvikings.com
bethanywv.edu,NCAA,D3,Presidents' Athletic Conference,,bethanybison.com
blc.edu,NCAA,D3,Upper Midwest Athletic Conference,,www.blcvikings.com
bethel.edu,NCAA,D3,Minnesota Intercollegiate Athletic Conference,,athletics.bethel.edu/
blackburn.edu,NCAA,D3,St. Louis Intercollegiate Athletic Conference,,blackburnbeavers.com
bluffton.edu,NCAA,D3,Heartland Collegiate Athletic Conference,,www.blufftonbeavers.com
bowdoin.edu,NCAA,D3,New England Small College Athletic Conference,,www.bowdoin.edu/athletics/
brandeis.edu,NCAA,D3,University Athletic Association,,www.brandeisjudges.com
brevard.edu,NCAA,D3,USA South Athletic Conference,,www.bctornados.com
bridgewater.edu,NCAA,D3,Old Dominion Athletic Conf.,,www.bridgewatereagles.com
bridgew.edu,NCAA,D3,Massachusetts State Collegiate Athletic Conference,,www.bsubears.com
brockport.edu,NCAA,D3,Empire 8,,gobrockport.com
brooklyn.cuny.edu,NCAA,D3,City University of New York Athletic Conference,,brooklyncollegeathletics.com
brynmawr.edu,NCAA,D3,Centennial Conference,,www.brynmawr.edu/athletics/
bvu.edu,NCAA,D3,American Rivers Conference,,www.bvuathletics.com
buffalostate.edu,NCAA,D3,State University of New York Athletic Conference,,www.buffalostateathletics.com
cairn.edu,NCAA,D3,United East Conference,,www.cairnhighlanders.com
callutheran.edu,NCAA,D3,Southern California Intercollegiate Athletic Conf.,,www.clusports.com
ucsc.edu,NCAA,D3,Coast-To-Coast Athletic Conference,,www.goslugs.com/
caltech.edu,NCAA,D3,Southern California Intercollegiate Athletic Conf.,,www.gocaltech.com
calvin.edu,NCAA,D3,Michigan Intercollegiate Athletic Association,,calvinknights.com
canton.edu,NCAA,D3,State University of New York Athletic Conference,,www.rooathletics.com
capital.edu,NCAA,D3,Ohio Athletic Conference,,www.capital.edu/athletics
carleton.edu,NCAA,D3,Minnesota Intercollegiate Athletic Conference,,apps.carleton.edu/athletics/
carlow.edu,NCAA,D3,Allegheny Mountain Collegiate Conference,,https://athletics.carlow.edu/landing/index
cmu.edu,NCAA,D3,University Athletic Association,,athletics.cmu.edu
carrollu.edu,NCAA,D3,College Conference of Illinois & Wisconsin,,www.gopios.com
carthage.edu,NCAA,D3,College Conference of Illinois & Wisconsin,,athletics.carthage.edu
case.edu,NCAA,D3,University Athletic Association,,athletics.case.edu
catholic.edu,NCAA,D3,Landmark Conference,,www.catholicathletics.com/
cedarcrest.edu,NCAA,D3,United East Conference,,www.cedarcrestathletics.com
centenary.edu,NCAA,D3,Southern Collegiate Athletic Conference,,www.GoCentenary.com
centenaryuniversity.edu,NCAA,D3,Atlantic East Conference,,www.centenarycyclones.com
central.edu,NCAA,D3,American Rivers Conference,,www.central.edu/athletics
centre.edu,NCAA,D3,Southern Athletic Association,,www.centrecolonels.com
chapman.edu,NCAA,D3,Southern California Intercollegiate Athletic Conf.,,www.chapmanathletics.com
chatham.edu,NCAA,D3,Presidents' Athletic Conference,,www.gochathamcougars.com
uchicago.edu,NCAA,D3,University Athletic Association,,athletics.uchicago.edu/landing/index
cnu.edu,NCAA,D3,Coast-To-Coast Athletic Conference,,CNUsports.com
ccny.cuny.edu,NCAA,D3,City University of New York Athletic Conference,,www.ccnyathletics.com
claremontmckenna.edu,NCAA,D3,Southern California Intercollegiate Athletic Conf.,,www.cmsathletics.org
clarku.edu,NCAA,D3,New England Women's and Men's Athletic Conference,,clarkathletics.com
clarkson.edu,NCAA,D3,Liberty League,,www.clarksonathletics.com
cobleskill.edu,NCAA,D3,State University of New York Athletic Conference,,fightingtigers.cobleskill.edu/
coe.edu,NCAA,D3,American Rivers Conference,,www.kohawkathletics.com
colby.edu,NCAA,D3,New England Small College Athletic Conference,,www.colby.edu/athletics
colby-sawyer.edu,NCAA,D3,Great Northeast Athletic Conference,,www.colby-sawyerathletics.com/
coloradocollege.edu,NCAA,D3,Southern Collegiate Athletic Conference,,www.cctigers.com
concordiacollege.edu,NCAA,D3,Minnesota Intercollegiate Athletic Conference,,www.gocobbers.com
cuchicago.edu,NCAA,D3,Northern Athletics Collegiate Conference,,www.CUCougars.com
concordia.edu,NCAA,D3,Southern Collegiate Athletic Conference,,athletics.concordia.edu/index.aspx
cuw.edu,NCAA,D3,Northern Athletics Collegiate Conference,,www.cuwfalcons.com
conncoll.edu,NCAA,D3,New England Small College Athletic Conference,,camelathletics.com/
cornellcollege.edu,NCAA,D3,Midwest Conference,,www.cornellrams.com
cortland.edu,NCAA,D3,State University of New York Athletic Conference,,www.cortland.edu/athletics
covenant.edu,NCAA,D3,Collegiate Conference of the South,,athletics.covenant.edu/
crown.edu,NCAA,D3,Upper Midwest Athletic Conference,,www.athletics.crown.edu
curry.edu,NCAA,D3,Conference of New England,,www.curryathletics.com
udallas.edu,NCAA,D3,Southern Collegiate Athletic Conference,,www.udallasathletics.com
dean.edu,NCAA,D3,Great Northeast Athletic Conference,,www.deanbulldogs.com/landing/index
delval.edu,NCAA,D3,Middle Atlantic Conference Freedom,,www.delval.edu/athletics
delhi.edu,NCAA,D3,State University of New York Athletic Conference,,delhibroncos.com/landing/index
denison.edu,NCAA,D3,North Coast Athletic Conference,,www.denisonbigred.com
depauw.edu,NCAA,D3,North Coast Athletic Conference,,depauwtigers.com/landing/index
desales.edu,NCAA,D3,Middle Atlantic Conference Freedom,,athletics.desales.edu
dickinson.edu,NCAA,D3,Centennial Conference,,www.dickinsonathletics.com
dom.edu,NCAA,D3,Northern Athletics Collegiate Conference,,www.dustars.com
drew.edu,NCAA,D3,Landmark Conference,,www.drewrangers.com
dbq.edu,NCAA,D3,American Rivers Conference,,www.dbq.edu/Athletics/
earlham.edu,NCAA,D3,Heartland Collegiate Athletic Conference,,www.goearlham.com
etbu.edu,NCAA,D3,American Southwest Conference,,www.goetbutigers.com
easternct.edu,NCAA,D3,Little East Conference,,gowarriorathletics.com
emu.edu,NCAA,D3,Old Dominion Athletic Conf.,,www.emuroyals.com
eastern.edu,NCAA,D3,Middle Atlantic Conference Commonwealth,,www.goeasterneagles.com
edgewood.edu,NCAA,D3,Northern Athletics Collegiate Conference,,www.EdgewoodEagles.com
etown.edu,NCAA,D3,Landmark Conference,,www.etownbluejays.com
public.elmhurst.edu,NCAA,D3,College Conference of Illinois & Wisconsin,,elmhurstbluejays.com/
elmira.edu,NCAA,D3,Empire 8,,athletics.elmira.edu
elms.edu,NCAA,D3,Great Northeast Athletic Conference,,ecblazers.com
emerson.edu,NCAA,D3,New England Women's and Men's Athletic Conference,,www.emersonlions.com
emmanuel.edu,NCAA,D3,Great Northeast Athletic Conference,,www.goecsaints.com
emory.edu,NCAA,D3,University Athletic Association,,www.emoryathletics.com
endicott.edu,NCAA,D3,Conference of New England,,www.ecgulls.com
eureka.edu,NCAA,D3,St. Louis Intercollegiate Athletic Conference,,www.eurekareddevils.com
fdu.edu,NCAA,D3,Middle Atlantic Conference Freedom,,www.fdudevils.com
farmingdale.edu,NCAA,D3,Skyline Conference,,www.farmingdalesports.com
ferrum.edu,NCAA,D3,Conference Carolinas,,www.ferrumpanthers.com
fitchburgstate.edu,NCAA,D3,Massachusetts State Collegiate Athletic Conference,,www.fitchburgfalcons.com
framingham.edu,NCAA,D3,Massachusetts State Collegiate Athletic Conference,,www.fsurams.com
franciscan.edu,NCAA,D3,Presidents' Athletic Conference,,www.franciscanathletics.com
fandm.edu,NCAA,D3,Centennial Conference,,www.godiplomats.com
franklincollege.edu,NCAA,D3,Heartland Collegiate Athletic Conference,,franklingrizzlies.com/landing/index
fredonia.edu,NCAA,D3,State University of New York Athletic Conference,,www.fredoniabluedevils.com
gallaudet.edu,NCAA,D3,United East Conference,,www.gallaudetbison.com
geneseo.edu,NCAA,D3,Empire 8,,www.geneseoknights.com
geneva.edu,NCAA,D3,Presidents' Athletic Conference,,athletics.geneva.edu
georgefox.edu,NCAA,D3,Northwest Conference,,www.gfubruins.com
gettysburg.edu,NCAA,D3,Centennial Conference,,www.gettysburgsports.com
gordon.edu,NCAA,D3,Conference of New England,,athletics.gordon.edu/index.aspx
goucher.edu,NCAA,D3,Landmark Conference,,athletics.goucher.edu/landing/index
greensboro.edu,NCAA,D3,USA South Athletic Conference,,www.greensborocollegesports.com
greenville.edu,NCAA,D3,St. Louis Intercollegiate Athletic Conference,,www.greenville.edu/athletics
grinnell.edu,NCAA,D3,Midwest Conference,,pioneers.grinnell.edu/
gcc.edu,NCAA,D3,Presidents' Athletic Conference,,athletics.gcc.edu
guilford.edu,NCAA,D3,Old Dominion Athletic Conf.,,www.guilford.edu/athletics
gustavus.edu,NCAA,D3,Minnesota Intercollegiate Athletic Conference,,www.gustavus.edu/athletics/
gmercyu.edu,NCAA,D3,Atlantic East Conference,,gwyneddathletics.com/
hamilton.edu,NCAA,D3,New England Small College Athletic Conference,,www.hamilton.edu/athletics
hamline.edu,NCAA,D3,Minnesota Intercollegiate Athletic Conference,,www.hamlineathletics.com
hsc.edu,NCAA,D3,Old Dominion Athletic Conf.,,www.hscathletics.com
hanover.edu,NCAA,D3,Heartland Collegiate Athletic Conference,,athletics.hanover.edu
hsutx.edu,NCAA,D3,American Southwest Conference,,hsuathletics.com
hartford.edu,NCAA,D3,Conference of New England,,hartfordhawks.com
hartwick.edu,NCAA,D3,Empire 8,,www.hartwickhawks.com
haverford.edu,NCAA,D3,Centennial Conference,,www.haverfordathletics.com
heidelberg.edu,NCAA,D3,Ohio Athletic Conference,,bergathletics.com
hendrix.edu,NCAA,D3,Southern Collegiate Athletic Conference,,www.hendrixwarriors.com
hilbert.edu,NCAA,D3,Allegheny Mountain Collegiate Conference,,www.hilberthawks.com
hiram.edu,NCAA,D3,Presidents' Athletic Conference,,www.hiramterriers.com
hws.edu,NCAA,D3,Liberty League,,www.hwsathletics.com
hollins.edu,NCAA,D3,Old Dominion Athletic Conf.,,www.hollinssports.com
hood.edu,NCAA,D3,Middle Atlantic Conference Commonwealth,,www.hoodathletics.com
hope.edu,NCAA,D3,Michigan Intercollegiate Athletic Association,,athletics.hope.edu
houghton.edu,NCAA,D3,Empire 8,,athletics.houghton.edu
hputx.edu,NCAA,D3,American Southwest Conference,,www.hpusports.com
hunter.cuny.edu,NCAA,D3,City University of New York Athletic Conference,,https://www.huntercollegeathletics.com
huntingdon.edu,NCAA,D3,Collegiate Conference of the South,,www.huntingdonhawks.com
husson.edu,NCAA,D3,North Atlantic Conference,,www.hussoneagles.com
ic.edu,NCAA,D3,Midwest Conference,,www.illinoiscollegeathletics.com/
iit.edu,NCAA,D3,Northern Athletics Collegiate Conference,,www.illinoistechathletics.com
iwu.edu,NCAA,D3,College Conference of Illinois & Wisconsin,,www.iwusports.com
immaculata.edu,NCAA,D3,Atlantic East Conference,,www.gomightymacs.com
ithaca.edu,NCAA,D3,Liberty League,,athletics.ithaca.edu
jcu.edu,NCAA,D3,North Coast Athletic Conference,,www.jcusports.com
jjay.cuny.edu,NCAA,D3,City University of New York Athletic Conference,,www.johnjayathletics.com
jhu.edu,NCAA,D3,Centennial Conference,,www.hopkinssports.com
jwu.edu,NCAA,D3,Conference of New England,,providence.jwuathletics.com
jwu.edu,NCAA,D3,Coast-To-Coast Athletic Conference,,charlotte.jwuathletics.com/
juniata.edu,NCAA,D3,Landmark Conference,,www.juniatasports.net
kzoo.edu,NCAA,D3,Michigan Intercollegiate Athletic Association,,hornets.kzoo.edu/landing/index/
kean.edu,NCAA,D3,New Jersey Athletic Conference,,www.keanathletics.com
keene.edu,NCAA,D3,Little East Conference,,www.keeneowls.com
kenyon.edu,NCAA,D3,North Coast Athletic Conference,,athletics.kenyon.edu
keuka.edu,NCAA,D3,Empire 8,,www.keukaathletics.com
keystone.edu,NCAA,D3,United East Conference,,www.gokcgiants.com
kings.edu,NCAA,D3,Middle Atlantic Conference Freedom,,www.kings.edu/athletics
knox.edu,NCAA,D3,Midwest Conference,,prairiefire.knox.edu
laroche.edu,NCAA,D3,Allegheny Mountain Collegiate Conference,,larochesports.com
laverne.edu,NCAA,D3,Southern California Intercollegiate Athletic Conf.,,www.leopardathletics.com
lagrange.edu,NCAA,D3,Collegiate Conference of the South,,www.lagrangepanthers.com
lakeforest.edu,NCAA,D3,Midwest Conference,,www.goforesters.com
lakeland.edu,NCAA,D3,Northern Athletics Collegiate Conference,,lakelandmuskies.com/
lbc.edu,NCAA,D3,United East Conference,,www.lbcchargers.com
lasell.edu,NCAA,D3,Great Northeast Athletic Conference,,laserpride.lasell.edu
lawrence.edu,NCAA,D3,Midwest Conference,,vikings.lawrence.edu/index.aspx
lvc.edu,NCAA,D3,Middle Atlantic Conference Freedom,,www.godutchmen.com
lehman.edu,NCAA,D3,City University of New York Athletic Conference,,www.lehmanathletics.com
lesley.edu,NCAA,D3,North Atlantic Conference,,lesleyathletics.com
letu.edu,NCAA,D3,Southern Collegiate Athletic Conference,,www.letuathletics.com
lclark.edu,NCAA,D3,Northwest Conference,,www.golcathletics.com
linfield.edu,NCAA,D3,Northwest Conference,,golinfieldwildcats.com/
loras.edu,NCAA,D3,American Rivers Conference,,www.duhawks.com
luther.edu,NCAA,D3,Midwest Conference,,sports.luther.edu
lycoming.edu,NCAA,D3,Landmark Conference,,lycomingathletics.com
lynchburg.edu,NCAA,D3,Old Dominion Athletic Conf.,,www.lynchburgsports.com/landing/index
lyon.edu,NCAA,D3,St. Louis Intercollegiate Athletic Conference,,lyonscots.com/
macalester.edu,NCAA,D3,Minnesota Intercollegiate Athletic Conference,,www.macalester.edu/athletics
mainemaritime.edu,NCAA,D3,North Atlantic Conference,,www.marinersports.org
umf.maine.edu,NCAA,D3,North Atlantic Conference,,www.goUMFbeavers.com
umpi.edu,NCAA,D3,North Atlantic Conference,,owls.umpi.edu/landing/index
manchester.edu,NCAA,D3,Heartland Collegiate Athletic Conference,,www.muspartans.com
mville.edu,NCAA,D3,Skyline Conference,,www.govaliants.com
mbu.edu,NCAA,D3,Independent,,mbusabercats.com
marianuniversity.edu,NCAA,D3,Northern Athletics Collegiate Conference,,www.sabreathletics.com
marietta.edu,NCAA,D3,Ohio Athletic Conference,,pioneers.marietta.edu/
sunymaritime.edu,NCAA,D3,Skyline Conference,,www.maritimeathletics.com
mlc-wels.edu,NCAA,D3,Upper Midwest Athletic Conference,,www.mlcknights.com
marybaldwin.edu,NCAA,D3,USA South Athletic Conference,,www.marybaldwinathletics.com
umhb.edu,NCAA,D3,American Southwest Conference,,www.umhb.edu/athletics
umw.edu,NCAA,D3,Coast-To-Coast Athletic Conference,,www.umweagles.com
marymount.edu,NCAA,D3,Atlantic East Conference,,www.marymountsaints.com
maryvillecollege.edu,NCAA,D3,Southern Athletic Association,,www.mcscots.com/landing/index
marywood.edu,NCAA,D3,Middle Atlantic Conference Freedom,,www.marywoodpacers.com
mcla.edu,NCAA,D3,Massachusetts State Collegiate Athletic Conference,,athletics.mcla.edu/
web.mit.edu,NCAA,D3,New England Women's and Men's Athletic Conference,,www.mitathletics.com
maritime.edu,NCAA,D3,Massachusetts State Collegiate Athletic Conference,,www.mmabucs.com
umb.edu,NCAA,D3,Little East Conference,,www.beaconsathletics.com
umassd.edu,NCAA,D3,Little East Conference,,www.corsairathletics.com
mcdaniel.edu,NCAA,D3,Centennial Conference,,www.mcdaniel.edu/athletics
mcm.edu,NCAA,D3,American Southwest Conference,,www.mcmurrysports.com
mec.cuny.edu,NCAA,D3,City University of New York Athletic Conference,,www.mecathletics.com
meredith.edu,NCAA,D3,USA South Athletic Conference,,www.goavengingangels.com
messiah.edu,NCAA,D3,Middle Atlantic Conference Commonwealth,,www.gomessiah.com
methodist.edu,NCAA,D3,USA South Athletic Conference,,www.mumonarchs.com
middlebury.edu,NCAA,D3,New England Small College Athletic Conference,,www.middlebury.edu/athletics
millikin.edu,NCAA,D3,College Conference of Illinois & Wisconsin,,athletics.millikin.edu
millsaps.edu,NCAA,D3,Southern Athletic Association,,www.gomajors.com
msoe.edu,NCAA,D3,Northern Athletics Collegiate Conference,,go-raiders.com
morris.umn.edu,NCAA,D3,Upper Midwest Athletic Conference,,www.morriscougars.com
misericordia.edu,NCAA,D3,Middle Atlantic Conference Freedom,,www.misericordia.edu/athletics
muw.edu,NCAA,D3,St. Louis Intercollegiate Athletic Conference,,www.owlsathletics.com
mitchell.edu,NCAA,D3,Great Northeast Athletic Conference,,www.mitchellathletics.com
monmouthcollege.edu,NCAA,D3,Midwest Conference,,monmouthscots.com
montclair.edu,NCAA,D3,New Jersey Athletic Conference,,www.montclairathletics.com
moravian.edu,NCAA,D3,Landmark Conference,,moraviansports.com/landing/index
morrisville.edu,NCAA,D3,State University of New York Athletic Conference,,morrisvillemustangs.com/
mtaloy.edu,NCAA,D3,Allegheny Mountain Collegiate Conference,,www.mountieathletics.com
mtholyoke.edu,NCAA,D3,New England Women's and Men's Athletic Conference,,www.mtholyoke.edu/athletics
msj.edu,NCAA,D3,Heartland Collegiate Athletic Conference,,www.msjlions.com
mountsaintvincent.edu,NCAA,D3,Skyline Conference,,umsvathletics.com/
msmc.edu,NCAA,D3,Skyline Conference,,www.msmcknights.com/
mountunion.edu,NCAA,D3,Ohio Athletic Conference,,athletics.mountunion.edu
muhlenberg.edu,NCAA,D3,Centennial Conference,,www.muhlenbergsports.com
muskingum.edu,NCAA,D3,Ohio Athletic Conference,,www.fightingmuskies.com/landing/index
naz.edu,NCAA,D3,Empire 8,,www.nazathletics.com
nebrwesleyan.edu,NCAA,D3,American Rivers Conference,,www.nwusports.com/
neumann.edu,NCAA,D3,Middle Atlantic Conference Commonwealth,,www.neumannathletics.com
une.edu,NCAA,D3,Conference of New England,,athletics.une.edu
nec.edu,NCAA,D3,Great Northeast Athletic Conference,,athletics.nec.edu/
tcnj.edu,NCAA,D3,New Jersey Athletic Conference,,www.tcnjathletics.com
newpaltz.edu,NCAA,D3,New Jersey Athletic Conference,,www.nphawks.com
nyu.edu,NCAA,D3,University Athletic Association,,www.gonyuathletics.com
nichols.edu,NCAA,D3,Conference of New England,,www.nicholsathletics.com
ncwu.edu,NCAA,D3,USA South Athletic Conference,,https://ncwsports.com/
noctrl.edu,NCAA,D3,College Conference of Illinois & Wisconsin,,northcentralcardinals.com
northcentral.edu,NCAA,D3,Upper Midwest Athletic Conference,,www.ncurams.com
northpark.edu,NCAA,D3,College Conference of Illinois & Wisconsin,,www.northpark.edu/athletics/
unwsp.edu,NCAA,D3,Upper Midwest Athletic Conference,,unweagles.com
norwich.edu,NCAA,D3,Great Northeast Athletic Conference,,www.norwichathletics.com
ndm.edu,NCAA,D3,United East Conference,,www.notredamegators.com
oberlin.edu,NCAA,D3,North Coast Athletic Conference,,www.goyeo.com
oxy.edu,NCAA,D3,Southern California Intercollegiate Athletic Conf.,,www.oxyathletics.com
oglethorpe.edu,NCAA,D3,Southern Athletic Association,,www.gopetrels.com
onu.edu,NCAA,D3,Ohio Athletic Conference,,onusports.com/landing/index
owu.edu,NCAA,D3,North Coast Athletic Conference,,battlingbishops.com
uolivet.edu,NCAA,D3,Michigan Intercollegiate Athletic Association,,www.olivetcomets.com
suny.oneonta.edu,NCAA,D3,State University of New York Athletic Conference,,www.oneontaathletics.com
oswego.edu,NCAA,D3,State University of New York Athletic Conference,,oswegolakers.com
otterbein.edu,NCAA,D3,Ohio Athletic Conference,,www.otterbeincardinals.com
ozarks.edu,NCAA,D3,Southern Collegiate Athletic Conference,,www.uofoathletics.com/landing/index
plu.edu,NCAA,D3,Northwest Conference,,www.golutes.com
pacificu.edu,NCAA,D3,Northwest Conference,,www.goboxers.com
pct.edu,NCAA,D3,United East Conference,,athletics.pct.edu
altoona.psu.edu,NCAA,D3,Allegheny Mountain Collegiate Conference,,www.psaltoonalions.com
pserie.psu.edu,NCAA,D3,Allegheny Mountain Collegiate Conference,,PSBLions.com
hbg.psu.edu,NCAA,D3,United East Conference,,athletics.hbg.psu.edu/landing/index
berks.psu.edu,NCAA,D3,United East Conference,,www.psuberksathletics.com
abington.psu.edu,NCAA,D3,United East Conference,,www.abingtonsports.com
brandywine.psu.edu,NCAA,D3,United East Conference,,https://www.psubrandywineathletics.com/landing/index
pfeiffer.edu,NCAA,D3,USA South Athletic Conference,,www.gofalconsports.com
piedmont.edu,NCAA,D3,Collegiate Conference of the South,,www.piedmontlions.com
upb.pitt.edu,NCAA,D3,Allegheny Mountain Collegiate Conference,,athletics.pittbradford.org/landing/index
greensburg.pitt.edu,NCAA,D3,Allegheny Mountain Collegiate Conference,,pittgreensburgathletics.com/
plattsburgh.edu,NCAA,D3,State University of New York Athletic Conference,,www.gocardinalsports.com/
plymouth.edu,NCAA,D3,Little East Conference,,athletics.plymouth.edu/
sunypoly.edu,NCAA,D3,Empire 8,,wildcats.sunypoly.edu/landing/index
pomona.edu; www.pitzer.edu,NCAA,D3,Southern California Intercollegiate Athletic Conf.,,www.sagehens.com
potsdam.edu,NCAA,D3,State University of New York Athletic Conference,,www.potsdambears.com
pratt.edu,NCAA,D3,Atlantic East Conference,,www.goprattgo.com
principiacollege.edu,NCAA,D3,St. Louis Intercollegiate Athletic Conference,,www.principiaathletics.com
pugetsound.edu,NCAA,D3,Northwest Conference,,www.loggerathletics.com
purchase.edu,NCAA,D3,Skyline Conference,,www.purchasecollegeathletics.com
ramapo.edu,NCAA,D3,New Jersey Athletic Conference,,www.ramapoathletics.com
randolphcollege.edu,NCAA,D3,Old Dominion Athletic Conf.,,www.randolphwildcats.com
rmc.edu,NCAA,D3,Old Dominion Athletic Conf.,,www.rmcathletics.com
redlands.edu,NCAA,D3,Southern California Intercollegiate Athletic Conf.,,www.goredlands.com
regent.edu,NCAA,D3,Coast-To-Coast Athletic Conference,,regentroyals.com
regiscollege.edu,NCAA,D3,Great Northeast Athletic Conference,,www.goregispride.com
rpi.edu,NCAA,D3,Liberty League,,www.rpiathletics.com
ric.edu,NCAA,D3,Little East Conference,,www.goanchormen.com
rhodes.edu,NCAA,D3,Southern Athletic Association,,www.rhodeslynx.com
ripon.edu,NCAA,D3,Midwest Conference,,riponredhawks.com/
rivier.edu,NCAA,D3,Great Northeast Athletic Conference,,www.rivierathletics.com
roanoke.edu,NCAA,D3,Old Dominion Athletic Conf.,,maroons.roanoke.edu/
rochester.edu,NCAA,D3,University Athletic Association,,www.rochester.edu/athletics
rit.edu,NCAA,D3,Liberty League,,www.ritathletics.com
rockford.edu,NCAA,D3,Northern Athletics Collegiate Conference,,www.rockfordregents.com
rwu.edu,NCAA,D3,Conference of New England,,www.rwuhawks.com
rose-hulman.edu,NCAA,D3,Heartland Collegiate Athletic Conference,,www.rose-hulman.edu/athletics
rowan.edu,NCAA,D3,New Jersey Athletic Conference,,www.rowanathletics.com
sage.edu,NCAA,D3,Empire 8,,www.sagegators.com
camden.rutgers.edu,NCAA,D3,New Jersey Athletic Conference,,www.scarletraptors.com
newark.rutgers.edu,NCAA,D3,New Jersey Athletic Conference,,www.rutgersnewarkathletics.com
csbsju.edu,NCAA,D3,Minnesota Intercollegiate Athletic Conference,,www.gobennies.com
steu.edu,NCAA,D3,Atlantic East Conference,,seueagles.com
francis.edu,NCAA,D3,Presidents' Athletic Conference,,www.sfuathletics.com
usj.edu,NCAA,D3,Great Northeast Athletic Conference,,www.usjbluejays.com
sjcme.edu,NCAA,D3,Great Northeast Athletic Conference,,www.gomonks.com
salem.edu,NCAA,D3,USA South Athletic Conference,,www.salem.edu/athletics
salemstate.edu,NCAA,D3,Massachusetts State Collegiate Athletic Conference,,www.salemstatevikings.com
salisbury.edu,NCAA,D3,Coast-To-Coast Athletic Conference,,www.suseagulls.com
salve.edu,NCAA,D3,New England Women's and Men's Athletic Conference,,www.salveathletics.com
sarahlawrence.edu,NCAA,D3,Skyline Conference,,www.gogryphons.com
schreiner.edu,NCAA,D3,American Southwest Conference,,www.schreinermountaineers.com
scranton.edu,NCAA,D3,Landmark Conference,,athletics.scranton.edu
sewanee.edu,NCAA,D3,Southern Athletic Association,,sewaneetigers.com/
su.edu,NCAA,D3,Old Dominion Athletic Conf.,,www.suhornets.com
simmons.edu,NCAA,D3,Great Northeast Athletic Conference,,athletics.simmons.edu
simpson.edu,NCAA,D3,American Rivers Conference,,simpsonathletics.com
skidmore.edu,NCAA,D3,Liberty League,,skidmoreathletics.com/
smith.edu,NCAA,D3,New England Women's and Men's Athletic Conference,,www.gosmithbears.com
usm.maine.edu,NCAA,D3,Little East Conference,,www.southernmainehuskies.com
svu.edu,NCAA,D3,USA South Athletic Conference,,knightathletics.com
southwestern.edu,NCAA,D3,Southern Athletic Association,,www.southwesternpirates.com
spalding.edu,NCAA,D3,St. Louis Intercollegiate Athletic Conference,,www.spaldingathletics.com
springfieldcollege.edu,NCAA,D3,New England Women's and Men's Athletic Conference,,springfield.edu/directory/athletics
stkate.edu,NCAA,D3,Minnesota Intercollegiate Athletic Conference,,www.stkatesathletics.com/index.aspx
sjf.edu,NCAA,D3,Empire 8,,www.sjfathletics.com
csbsju.edu,NCAA,D3,Minnesota Intercollegiate Athletic Conference,,www.gojohnnies.com
sjny.edu,NCAA,D3,Skyline Conference,,sjbkathletics.com/landing/index
sjny.edu,NCAA,D3,Skyline Conference,,www.sjliathletics.com
stlawu.edu,NCAA,D3,Liberty League,,www.saintsathletics.com
smumn.edu,NCAA,D3,Minnesota Intercollegiate Athletic Conference,,www.saintmaryssports.com
saintmarys.edu,NCAA,D3,Michigan Intercollegiate Athletic Association,,belles.saintmarys.edu
smcm.edu,NCAA,D3,United East Conference,,www.smcmathletics.com
snc.edu,NCAA,D3,Northern Athletics Collegiate Conference,,athletics.snc.edu
stolaf.edu,NCAA,D3,Minnesota Intercollegiate Athletic Conference,,athletics.stolaf.edu
css.edu,NCAA,D3,Minnesota Intercollegiate Athletic Conference,,www.csssaints.com
stthom.edu,NCAA,D3,Southern Collegiate Athletic Conference,,www.ustcelts.com
stvincent.edu,NCAA,D3,Presidents' Athletic Conference,,www.athletics.stvincent.edu
stevens.edu,NCAA,D3,Middle Atlantic Conference Freedom,,www.stevensducks.com
stevenson.edu,NCAA,D3,Middle Atlantic Conference Commonwealth,,www.gomustangsports.com
stockton.edu,NCAA,D3,New Jersey Athletic Conference,,www.stocktonathletics.com
suffolk.edu,NCAA,D3,Conference of New England,,www.gosuffolkrams.com
oldwestbury.edu,NCAA,D3,Skyline Conference,,www.oldwestburypanthers.com
susqu.edu,NCAA,D3,Landmark Conference,,www.gosusqu.com
swarthmore.edu,NCAA,D3,Centennial Conference,,https://swarthmoreathletics.com/
sbc.edu,NCAA,D3,Old Dominion Athletic Conf.,,www.vixenathletics.com
tlu.edu,NCAA,D3,Southern Collegiate Athletic Conference,,tlubulldogs.com
thiel.edu,NCAA,D3,Presidents' Athletic Conference,,www.thielathletics.com
thomas.edu,NCAA,D3,North Atlantic Conference,,www.thomasathletics.com
transy.edu,NCAA,D3,Heartland Collegiate Athletic Conference,,www.transysports.com
trine.edu,NCAA,D3,Michigan Intercollegiate Athletic Association,,www.trinethunder.com
trincoll.edu,NCAA,D3,New England Small College Athletic Conference,,www.bantamsports.com
trinity.edu,NCAA,D3,Southern Athletic Association,,www.trinitytigers.com
tufts.edu,NCAA,D3,New England Small College Athletic Conference,,www.gotuftsjumbos.com/landing/index
uscga.edu,NCAA,D3,New England Women's and Men's Athletic Conference,,https://coastguardathletics.com/index.aspx
usmma.edu,NCAA,D3,Skyline Conference,,usmmasports.com
union.edu,NCAA,D3,Liberty League,,www.unionathletics.com/
ursinus.edu,NCAA,D3,Centennial Conference,,www.ursinusathletics.com
utica.edu,NCAA,D3,Empire 8,,www.uticapioneers.com
valleyforge.edu,NCAA,D3,United East Conference,,uvfpatriots.com
vassar.edu,NCAA,D3,Liberty League,,www.vassarathletics.com/
castleton.edu,NCAA,D3,Little East Conference,,www.castletonsports.com/landing/index
vermontstate.edu,NCAA,D3,North Atlantic Conference,,www.lyndonhornets.com
vermontstate.edu,NCAA,D3,North Atlantic Conference,,nvubadgers.com/landing/index
wabash.edu,NCAA,D3,North Coast Athletic Conference,,sports.wabash.edu
warren-wilson.edu,NCAA,D3,Coast-To-Coast Athletic Conference,,warrenwilsonowls.com/landing/index
wartburg.edu,NCAA,D3,American Rivers Conference,,www.go-knights.net
wlu.edu,NCAA,D3,Old Dominion Athletic Conf.,,generalssports.com
washjeff.edu,NCAA,D3,Presidents' Athletic Conference,,www.gopresidents.com
washcoll.edu,NCAA,D3,Centennial Conference,,www.WashingtonCollegeSports.com
washu.edu,NCAA,D3,University Athletic Association,,washubears.com
waynesburg.edu,NCAA,D3,Presidents' Athletic Conference,,www.waynesburgsports.com
webster.edu,NCAA,D3,St. Louis Intercollegiate Athletic Conference,,websterathletics.com
wellesley.edu,NCAA,D3,New England Women's and Men's Athletic Conference,,www.wellesleyblue.com
wit.edu,NCAA,D3,Conference of New England,,www.wentworthathletics.com
wesleyan.edu,NCAA,D3,New England Small College Athletic Conference,,www.wesleyan.edu/athletics
wcsu.edu,NCAA,D3,Little East Conference,,www.westconnathletics.com
wne.edu,NCAA,D3,Conference of New England,,www.wnegoldenbears.com
westfield.ma.edu,NCAA,D3,Massachusetts State Collegiate Athletic Conference,,www.WestfieldStateOwls.com
wcmo.edu,NCAA,D3,St. Louis Intercollegiate Athletic Conference,,www.wcbluejays.com/landing/index
westminster.edu,NCAA,D3,Presidents' Athletic Conference,,www.westminster.edu/athletics/
wheaton.edu,NCAA,D3,College Conference of Illinois & Wisconsin,,athletics.wheaton.edu
wheatoncollege.edu,NCAA,D3,New England Women's and Men's Athletic Conference,,https://wheatoncollegelyons.com/
whitman.edu,NCAA,D3,Northwest Conference,,https://www.whitman.edu/athletics
whittier.edu,NCAA,D3,Southern California Intercollegiate Athletic Conf.,,www.wcpoets.com
whitworth.edu,NCAA,D3,Northwest Conference,,www.whitworthpirates.com
widener.edu,NCAA,D3,Middle Atlantic Conference Commonwealth,,www.widenerpride.com
wilkes.edu,NCAA,D3,Landmark Conference,,www.gowilkesu.com
willamette.edu,NCAA,D3,Northwest Conference,,willamette.prestosports.com/landing/index
wpunj.edu,NCAA,D3,New Jersey Athletic Conference,,www.wpupioneers.com
peace.edu,NCAA,D3,USA South Athletic Conference,,www.gopeacepacers.com
williams.edu,NCAA,D3,New England Small College Athletic Conference,,ephsports.williams.edu/
wilmington.edu,NCAA,D3,Ohio Athletic Conference,,www.wilmington.edu/athletics
wilson.edu,NCAA,D3,United East Conference,,www.wilsonphoenix.com
wlc.edu,NCAA,D3,Northern Athletics Collegiate Conference,,www.wlcsports.com/landing/index
uwec.edu,NCAA,D3,Wisconsin Intercollegiate Athletic Conference,,www.blugolds.com
uwlax.edu,NCAA,D3,Wisconsin Intercollegiate Athletic Conference,,www.uwlathletics.com
uwosh.edu,NCAA,D3,Wisconsin Intercollegiate Athletic Conference,,https://uwoshkoshtitans.com/
uwplatt.edu,NCAA,D3,Wisconsin Intercollegiate Athletic Conference,,www.letsgopioneers.com
uwrf.edu,NCAA,D3,Wisconsin Intercollegiate Athletic Conference,,www.uwrfsports.com
uwsp.edu,NCAA,D3,Wisconsin Intercollegiate Athletic Conference,,athletics.uwsp.edu
uwstout.edu,NCAA,D3,Wisconsin Intercollegiate Athletic Conference,,stoutbluedevils.com
uwsuper.edu,NCAA,D3,Upper Midwest Athletic Conference,,www.uwsyellowjackets.com
uww.edu,NCAA,D3,Wisconsin Intercollegiate Athletic Conference,,www.uwwsports.com
wittenberg.edu,NCAA,D3,North Coast Athletic Conference,,www.wittenbergtigers.com
wooster.edu,NCAA,D3,North Coast Athletic Conference,,www.woosterathletics.com
wpi.edu,NCAA,D3,New England Women's and Men's Athletic Conference,,athletics.wpi.edu
worcester.edu,NCAA,D3,Massachusetts State Collegiate Athletic Conference,,www.wsulancers.com
yu.edu,NCAA,D3,Skyline Conference,,www.yumacs.com
ycp.edu,NCAA,D3,Middle Atlantic Conference Commonwealth,,www.ycpspartans.com
york.cuny.edu,NCAA,D3,City University of New York Athletic Conference,,www.yorkathletics.com
